"DESCRIPTION","DURATION IN MS","NAME","PARENT SUITE","START TIME","STATUS","STOP TIME","SUB SUITE","SUITE","TEST CLASS","TEST METHOD"
"","868","testParentBindung","","Fri Mar 06 13:57:32 UTC 2026","passed","Fri Mar 06 13:57:33 UTC 2026","","eu.esdihumboldt.hale.io.groovy.snippets.GroovySnippetsTest","eu.esdihumboldt.hale.io.groovy.snippets.GroovySnippetsTest","testParentBindung"
"","5","testCreateTypeIndex","","Fri Mar 06 13:56:47 UTC 2026","passed","Fri Mar 06 13:56:47 UTC 2026","","eu.esdihumboldt.hale.common.schema.groovy.SchemaBuilderTest","eu.esdihumboldt.hale.common.schema.groovy.SchemaBuilderTest","testCreateTypeIndex"
"","1150","testAppInfo","","Fri Mar 06 13:58:02 UTC 2026","passed","Fri Mar 06 13:58:03 UTC 2026","","eu.esdihumboldt.hale.io.xsd.reader.XmlSchemaReaderMoreTest","eu.esdihumboldt.hale.io.xsd.reader.XmlSchemaReaderMoreTest","testAppInfo"
"","12","testSKOSFromRDF5_language_en","","Fri Mar 06 13:57:18 UTC 2026","passed","Fri Mar 06 13:57:18 UTC 2026","","eu.esdihumboldt.hale.io.codelist.skos.test.SkosCodeListTest","eu.esdihumboldt.hale.io.codelist.skos.test.SkosCodeListTest","testSKOSFromRDF5_language_en"
"","37","testNamespaceIndexChildContextType","","Fri Mar 06 13:55:51 UTC 2026","passed","Fri Mar 06 13:55:51 UTC 2026","","eu.esdihumboldt.hale.common.align.groovy.accessor.EntityAccessorTest","eu.esdihumboldt.hale.common.align.groovy.accessor.EntityAccessorTest","testNamespaceIndexChildContextType"
"","0","testProjectSubfolder","","Fri Mar 06 13:56:23 UTC 2026","passed","Fri Mar 06 13:56:23 UTC 2026","","eu.esdihumboldt.hale.common.core.io.PathUpdateTest","eu.esdihumboldt.hale.common.core.io.PathUpdateTest","testProjectSubfolder"
"","28","testRead_shiporder_unqualified","","Fri Mar 06 13:58:04 UTC 2026","passed","Fri Mar 06 13:58:04 UTC 2026","","eu.esdihumboldt.hale.io.xsd.reader.XmlSchemaReaderTest","eu.esdihumboldt.hale.io.xsd.reader.XmlSchemaReaderTest","testRead_shiporder_unqualified"
"","3","testElementHasListOfObjects2","","Fri Mar 06 13:58:22 UTC 2026","passed","Fri Mar 06 13:58:22 UTC 2026","","eu.esdihumboldt.util.groovy.json.JsonStreamBuilderTest","eu.esdihumboldt.util.groovy.json.JsonStreamBuilderTest","testElementHasListOfObjects2"
"","0","testGeometryFlippedOnCRS","","Fri Mar 06 13:58:15 UTC 2026","passed","Fri Mar 06 13:58:15 UTC 2026","","eu.esdihumboldt.util.geometry.WindingOrderTest","eu.esdihumboldt.util.geometry.WindingOrderTest","testGeometryFlippedOnCRS"
"","1","testFileRelative1","","Fri Mar 06 13:58:02 UTC 2026","passed","Fri Mar 06 13:58:02 UTC 2026","","eu.esdihumboldt.hale.io.xsd.reader.HumboldtURIResolverTest","eu.esdihumboldt.hale.io.xsd.reader.HumboldtURIResolverTest","testFileRelative1"
"","20","testGroup","","Fri Mar 06 13:56:47 UTC 2026","passed","Fri Mar 06 13:56:47 UTC 2026","","eu.esdihumboldt.hale.common.schema.groovy.SchemaBuilderTest","eu.esdihumboldt.hale.common.schema.groovy.SchemaBuilderTest","testGroup"
"","1224","gstringIntercepted","","Fri Mar 06 13:58:25 UTC 2026","passed","Fri Mar 06 13:58:26 UTC 2026","","eu.esdihumboldt.util.groovy.sandbox.test.internal.GroovySandboxTest","eu.esdihumboldt.util.groovy.sandbox.test.internal.GroovySandboxTest","gstringIntercepted"
"","4","testValuePropertiesList","","Fri Mar 06 13:56:24 UTC 2026","passed","Fri Mar 06 13:56:24 UTC 2026","","eu.esdihumboldt.hale.common.core.io.impl.ValuePropertiesTypeTest","eu.esdihumboldt.hale.common.core.io.impl.ValuePropertiesTypeTest","testValuePropertiesList"
"","4","testRootArrayObjects","","Fri Mar 06 13:58:22 UTC 2026","passed","Fri Mar 06 13:58:22 UTC 2026","","eu.esdihumboldt.util.groovy.json.JsonStreamBuilderTest","eu.esdihumboldt.util.groovy.json.JsonStreamBuilderTest","testRootArrayObjects"
"","1","testMerge3","","Fri Mar 06 13:56:25 UTC 2026","passed","Fri Mar 06 13:56:25 UTC 2026","","eu.esdihumboldt.hale.common.core.report.util.StatsMergeTest","eu.esdihumboldt.hale.common.core.report.util.StatsMergeTest","testMerge3"
"","214","testGroovyRetypeCondition","","Fri Mar 06 13:56:06 UTC 2026","passed","Fri Mar 06 13:56:06 UTC 2026","","eu.esdihumboldt.hale.common.align.merge.test.impl.JoinFocusRetainConditionTest","eu.esdihumboldt.hale.common.align.merge.test.impl.JoinFocusRetainConditionTest","testGroovyRetypeCondition"
"","3","testElements","","Fri Mar 06 13:58:02 UTC 2026","passed","Fri Mar 06 13:58:02 UTC 2026","","eu.esdihumboldt.hale.io.xsd.anytype.valuetypes.CustomTypeContentTypeTest","eu.esdihumboldt.hale.io.xsd.anytype.valuetypes.CustomTypeContentTypeTest","testElements"
"","1548","testRequestCache","","Fri Mar 06 13:56:11 UTC 2026","passed","Fri Mar 06 13:56:12 UTC 2026","","eu.esdihumboldt.hale.common.cache.RequestTest","eu.esdihumboldt.hale.common.cache.RequestTest","testRequestCache"
"","115","testComplexLookup","","Fri Mar 06 13:56:38 UTC 2026","passed","Fri Mar 06 13:56:38 UTC 2026","","eu.esdihumboldt.hale.common.lookup.internal.LookupTableTypeTest","eu.esdihumboldt.hale.common.lookup.internal.LookupTableTypeTest","testComplexLookup"
"","0","testText","","Fri Mar 06 13:56:47 UTC 2026","passed","Fri Mar 06 13:56:47 UTC 2026","","eu.esdihumboldt.hale.common.schema.groovy.constraints.CardinalityFactoryTest","eu.esdihumboldt.hale.common.schema.groovy.constraints.CardinalityFactoryTest","testText"
"","159","testNotes2","","Fri Mar 06 13:56:04 UTC 2026","passed","Fri Mar 06 13:56:04 UTC 2026","","eu.esdihumboldt.hale.common.align.merge.test.impl.DefaultMergeCellMigratorTest","eu.esdihumboldt.hale.common.align.merge.test.impl.DefaultMergeCellMigratorTest","testNotes2"
"","3","testMetaClass","","Fri Mar 06 13:56:47 UTC 2026","passed","Fri Mar 06 13:56:47 UTC 2026","","eu.esdihumboldt.hale.common.schema.groovy.DefinitionAccessorTest","eu.esdihumboldt.hale.common.schema.groovy.DefinitionAccessorTest","testMetaClass"
"","0","testQ4","","Fri Mar 06 13:58:17 UTC 2026","passed","Fri Mar 06 13:58:17 UTC 2026","","eu.esdihumboldt.util.geometry.interpolation.grid.GridUtilTest","eu.esdihumboldt.util.geometry.interpolation.grid.GridUtilTest","testQ4"
"","291","testCondition1","","Fri Mar 06 13:56:00 UTC 2026","passed","Fri Mar 06 13:56:01 UTC 2026","","eu.esdihumboldt.hale.common.align.merge.test.impl.DefaultMergeCellMigratorTest","eu.esdihumboldt.hale.common.align.merge.test.impl.DefaultMergeCellMigratorTest","testCondition1"
"","0","testHttpAbsolute1","","Fri Mar 06 13:58:02 UTC 2026","passed","Fri Mar 06 13:58:02 UTC 2026","","eu.esdihumboldt.hale.io.xsd.reader.HumboldtURIResolverTest","eu.esdihumboldt.hale.io.xsd.reader.HumboldtURIResolverTest","testHttpAbsolute1"
"","94","testComplexLookupJson","","Fri Mar 06 13:56:37 UTC 2026","passed","Fri Mar 06 13:56:38 UTC 2026","","eu.esdihumboldt.hale.common.lookup.internal.LookupTableTypeTest","eu.esdihumboldt.hale.common.lookup.internal.LookupTableTypeTest","testComplexLookupJson"
"","158","migrateJoinGroovyRetype","","Fri Mar 06 13:56:05 UTC 2026","passed","Fri Mar 06 13:56:05 UTC 2026","","eu.esdihumboldt.hale.common.align.merge.test.impl.GroovyRetypeMergeTest","eu.esdihumboldt.hale.common.align.merge.test.impl.GroovyRetypeMergeTest","migrateJoinGroovyRetype"
"","3044","testTypeFilter2Property","","Fri Mar 06 13:55:57 UTC 2026","passed","Fri Mar 06 13:56:00 UTC 2026","","eu.esdihumboldt.hale.common.align.merge.test.impl.DefaultMergeCellMigratorTest","eu.esdihumboldt.hale.common.align.merge.test.impl.DefaultMergeCellMigratorTest","testTypeFilter2Property"
"","34","testRead_definitive_sequencegroup","","Fri Mar 06 13:58:03 UTC 2026","passed","Fri Mar 06 13:58:03 UTC 2026","","eu.esdihumboldt.hale.io.xsd.reader.XmlSchemaReaderTest","eu.esdihumboldt.hale.io.xsd.reader.XmlSchemaReaderTest","testRead_definitive_sequencegroup"
"","8","testCycle","","Fri Mar 06 13:58:06 UTC 2026","passed","Fri Mar 06 13:58:06 UTC 2026","","eu.esdihumboldt.util.DependencyOrderedListTest","eu.esdihumboldt.util.DependencyOrderedListTest","testCycle"
"","1","testOrigin","","Fri Mar 06 13:58:17 UTC 2026","passed","Fri Mar 06 13:58:17 UTC 2026","","eu.esdihumboldt.util.geometry.interpolation.model.impl.ArcByPointsImplTest","eu.esdihumboldt.util.geometry.interpolation.model.impl.ArcByPointsImplTest","testOrigin"
"","48","testPolygon","","Fri Mar 06 13:56:47 UTC 2026","passed","Fri Mar 06 13:56:47 UTC 2026","","eu.esdihumboldt.hale.common.schema.groovy.constraints.GeometryFactoryTest","eu.esdihumboldt.hale.common.schema.groovy.constraints.GeometryFactoryTest","testPolygon"
"","45","testRead_definitive_chapter03","","Fri Mar 06 13:58:03 UTC 2026","passed","Fri Mar 06 13:58:03 UTC 2026","","eu.esdihumboldt.hale.io.xsd.reader.XmlSchemaReaderTest","eu.esdihumboldt.hale.io.xsd.reader.XmlSchemaReaderTest","testRead_definitive_chapter03"
"","100","mergeRenameFormattedString","","Fri Mar 06 13:56:05 UTC 2026","passed","Fri Mar 06 13:56:05 UTC 2026","","eu.esdihumboldt.hale.common.align.merge.test.impl.FormattedStringMergeTest","eu.esdihumboldt.hale.common.align.merge.test.impl.FormattedStringMergeTest","mergeRenameFormattedString"
"","216","testInvalidMaxNodes","","Fri Mar 06 13:58:17 UTC 2026","passed","Fri Mar 06 13:58:18 UTC 2026","","eu.esdihumboldt.util.geometry.quadtree.QuadtreeTest","eu.esdihumboldt.util.geometry.quadtree.QuadtreeTest","testInvalidMaxNodes"
"","6","testSKOSFromRDF1","","Fri Mar 06 13:57:18 UTC 2026","passed","Fri Mar 06 13:57:18 UTC 2026","","eu.esdihumboldt.hale.io.codelist.skos.test.SkosCodeListTest","eu.esdihumboldt.hale.io.codelist.skos.test.SkosCodeListTest","testSKOSFromRDF1"
"","4","testSimpleSingleStrictFail","","Fri Mar 06 13:55:51 UTC 2026","passed","Fri Mar 06 13:55:51 UTC 2026","","eu.esdihumboldt.hale.common.align.groovy.accessor.EntityAccessorTest","eu.esdihumboldt.hale.common.align.groovy.accessor.EntityAccessorTest","testSimpleSingleStrictFail"
"","4","testLoopArrayTypeSafe","","Fri Mar 06 13:58:22 UTC 2026","passed","Fri Mar 06 13:58:22 UTC 2026","","eu.esdihumboldt.util.groovy.json.JsonStreamBuilderTest","eu.esdihumboldt.util.groovy.json.JsonStreamBuilderTest","testLoopArrayTypeSafe"
"","3","testRange","","Fri Mar 06 13:56:47 UTC 2026","passed","Fri Mar 06 13:56:47 UTC 2026","","eu.esdihumboldt.hale.common.schema.groovy.constraints.EnumerationFactoryTest","eu.esdihumboldt.hale.common.schema.groovy.constraints.EnumerationFactoryTest","testRange"
"","153","testNotes1","","Fri Mar 06 13:56:04 UTC 2026","passed","Fri Mar 06 13:56:04 UTC 2026","","eu.esdihumboldt.hale.common.align.merge.test.impl.DefaultMergeCellMigratorTest","eu.esdihumboldt.hale.common.align.merge.test.impl.DefaultMergeCellMigratorTest","testNotes1"
"","23","testRead_definitive_annotated","","Fri Mar 06 13:58:03 UTC 2026","passed","Fri Mar 06 13:58:03 UTC 2026","","eu.esdihumboldt.hale.io.xsd.reader.XmlSchemaReaderTest","eu.esdihumboldt.hale.io.xsd.reader.XmlSchemaReaderTest","testRead_definitive_annotated"
"","22","testRead_shiporder_types_cycle","","Fri Mar 06 13:58:04 UTC 2026","passed","Fri Mar 06 13:58:04 UTC 2026","","eu.esdihumboldt.hale.io.xsd.reader.XmlSchemaReaderTest","eu.esdihumboldt.hale.io.xsd.reader.XmlSchemaReaderTest","testRead_shiporder_types_cycle"
"","7","testHalfCircle","","Fri Mar 06 13:58:17 UTC 2026","passed","Fri Mar 06 13:58:17 UTC 2026","","eu.esdihumboldt.util.geometry.interpolation.grid.GridInterpolationTest","eu.esdihumboldt.util.geometry.interpolation.grid.GridInterpolationTest","testHalfCircle"
"","1","testFormatter[4]","","Fri Mar 06 13:58:13 UTC 2026","passed","Fri Mar 06 13:58:13 UTC 2026","","eu.esdihumboldt.util.geometry.DecimalFormatUtilTest","eu.esdihumboldt.util.geometry.DecimalFormatUtilTest","testFormatter[4]"
"","218","closureStuffDisallowed","","Fri Mar 06 13:58:27 UTC 2026","passed","Fri Mar 06 13:58:27 UTC 2026","","eu.esdihumboldt.util.groovy.sandbox.test.internal.GroovySandboxTest","eu.esdihumboldt.util.groovy.sandbox.test.internal.GroovySandboxTest","closureStuffDisallowed"
"","1","testListAndValue","","Fri Mar 06 13:58:10 UTC 2026","passed","Fri Mar 06 13:58:10 UTC 2026","","eu.esdihumboldt.util.config.ConfigMergerTest","eu.esdihumboldt.util.config.ConfigMergerTest","testListAndValue"
"","1","testRange","","Fri Mar 06 13:56:47 UTC 2026","passed","Fri Mar 06 13:56:47 UTC 2026","","eu.esdihumboldt.hale.common.schema.groovy.constraints.CardinalityFactoryTest","eu.esdihumboldt.hale.common.schema.groovy.constraints.CardinalityFactoryTest","testRange"
"","198","testJoinFilter","","Fri Mar 06 13:56:07 UTC 2026","passed","Fri Mar 06 13:56:07 UTC 2026","","eu.esdihumboldt.hale.common.align.merge.test.impl.JoinMergeTest","eu.esdihumboldt.hale.common.align.merge.test.impl.JoinMergeTest","testJoinFilter"
"","0","testSample1","","Fri Mar 06 13:58:17 UTC 2026","passed","Fri Mar 06 13:58:17 UTC 2026","","eu.esdihumboldt.util.geometry.interpolation.grid.GridUtilTest","eu.esdihumboldt.util.geometry.interpolation.grid.GridUtilTest","testSample1"
"","4","testSimpleSingleStrictFail","","Fri Mar 06 13:56:47 UTC 2026","passed","Fri Mar 06 13:56:47 UTC 2026","","eu.esdihumboldt.hale.common.schema.groovy.DefinitionAccessorTest","eu.esdihumboldt.hale.common.schema.groovy.DefinitionAccessorTest","testSimpleSingleStrictFail"
"","0","testSimple","","Fri Mar 06 13:56:23 UTC 2026","passed","Fri Mar 06 13:56:23 UTC 2026","","eu.esdihumboldt.hale.common.core.io.PathUpdateTest","eu.esdihumboldt.hale.common.core.io.PathUpdateTest","testSimple"
"","1","testCircle","","Fri Mar 06 13:58:17 UTC 2026","passed","Fri Mar 06 13:58:17 UTC 2026","","eu.esdihumboldt.util.geometry.interpolation.model.impl.ArcByPointsImplTest","eu.esdihumboldt.util.geometry.interpolation.model.impl.ArcByPointsImplTest","testCircle"
"","5","testList","","Fri Mar 06 13:57:05 UTC 2026","passed","Fri Mar 06 13:57:05 UTC 2026","","eu.esdihumboldt.cst.functions.groovy.helpers.util.CollectorTest","eu.esdihumboldt.cst.functions.groovy.helpers.util.CollectorTest","testList"
"","24","testRead_shiporder_one","","Fri Mar 06 13:58:04 UTC 2026","passed","Fri Mar 06 13:58:04 UTC 2026","","eu.esdihumboldt.hale.io.xsd.reader.XmlSchemaReaderTest","eu.esdihumboldt.hale.io.xsd.reader.XmlSchemaReaderTest","testRead_shiporder_one"
"","0","testOrderCounterClockwise","","Fri Mar 06 13:58:15 UTC 2026","passed","Fri Mar 06 13:58:15 UTC 2026","","eu.esdihumboldt.util.geometry.WindingOrderTest","eu.esdihumboldt.util.geometry.WindingOrderTest","testOrderCounterClockwise"
"","628","testAddRemoveMappingMultipleProperties","","Fri Mar 06 13:56:32 UTC 2026","passed","Fri Mar 06 13:56:33 UTC 2026","","eu.esdihumboldt.hale.common.instance.index.MultimapInstanceIndexTest","eu.esdihumboldt.hale.common.instance.index.MultimapInstanceIndexTest","testAddRemoveMappingMultipleProperties"
"","27","testArcStringAllGrid","","Fri Mar 06 13:58:17 UTC 2026","passed","Fri Mar 06 13:58:17 UTC 2026","","eu.esdihumboldt.util.geometry.interpolation.grid.GridInterpolationTest","eu.esdihumboldt.util.geometry.interpolation.grid.GridInterpolationTest","testArcStringAllGrid"
"","567","testSerialize","","Fri Mar 06 13:58:21 UTC 2026","passed","Fri Mar 06 13:58:21 UTC 2026","","eu.esdihumboldt.util.groovy.collector.StatsCollectorTest","eu.esdihumboldt.util.groovy.collector.StatsCollectorTest","testSerialize"
"","143","testGroovyWarningRetype","","Fri Mar 06 13:56:04 UTC 2026","passed","Fri Mar 06 13:56:04 UTC 2026","","eu.esdihumboldt.hale.common.align.merge.test.impl.DefaultMergeCellMigratorTest","eu.esdihumboldt.hale.common.align.merge.test.impl.DefaultMergeCellMigratorTest","testGroovyWarningRetype"
"","176","testTypeFilter4","","Fri Mar 06 13:56:02 UTC 2026","passed","Fri Mar 06 13:56:03 UTC 2026","","eu.esdihumboldt.hale.common.align.merge.test.impl.DefaultMergeCellMigratorTest","eu.esdihumboldt.hale.common.align.merge.test.impl.DefaultMergeCellMigratorTest","testTypeFilter4"
"","0","testSubfolder2","","Fri Mar 06 13:56:23 UTC 2026","passed","Fri Mar 06 13:56:23 UTC 2026","","eu.esdihumboldt.hale.common.core.io.PathUpdateTest","eu.esdihumboldt.hale.common.core.io.PathUpdateTest","testSubfolder2"
"","253","testMsAccessSchemaReaderForMdbTest","","Fri Mar 06 13:57:43 UTC 2026","passed","Fri Mar 06 13:57:43 UTC 2026","","eu.esdihumboldt.hale.io.jdbc.msaccess.reader.MsAccessSchemaReaderTest","eu.esdihumboldt.hale.io.jdbc.msaccess.reader.MsAccessSchemaReaderTest","testMsAccessSchemaReaderForMdbTest"
"","5","test90Deegrees","","Fri Mar 06 13:58:17 UTC 2026","passed","Fri Mar 06 13:58:17 UTC 2026","","eu.esdihumboldt.util.geometry.interpolation.split.SplitInterpolationTest","eu.esdihumboldt.util.geometry.interpolation.split.SplitInterpolationTest","test90Deegrees"
"","2","testValuePropertiesListJson","","Fri Mar 06 13:56:24 UTC 2026","passed","Fri Mar 06 13:56:24 UTC 2026","","eu.esdihumboldt.hale.common.core.io.impl.ValuePropertiesTypeTest","eu.esdihumboldt.hale.common.core.io.impl.ValuePropertiesTypeTest","testValuePropertiesListJson"
"","0","testSchemaReader","","Fri Mar 06 13:57:46 UTC 2026","skipped","Fri Mar 06 13:57:46 UTC 2026","","eu.esdihumboldt.hale.io.jdbc.mssql.test.MsSqlDataReaderTest","eu.esdihumboldt.hale.io.jdbc.mssql.test.MsSqlDataReaderTest","testSchemaReader"
"","17","testAlias","","Fri Mar 06 13:57:38 UTC 2026","passed","Fri Mar 06 13:57:38 UTC 2026","","eu.esdihumboldt.hale.io.jdbc.test.constraints.factory.GeometryMetadataFactoryTest","eu.esdihumboldt.hale.io.jdbc.test.constraints.factory.GeometryMetadataFactoryTest","testAlias"
"","34","testSKOSFromRDF2","","Fri Mar 06 13:57:18 UTC 2026","passed","Fri Mar 06 13:57:18 UTC 2026","","eu.esdihumboldt.hale.io.codelist.skos.test.SkosCodeListTest","eu.esdihumboldt.hale.io.codelist.skos.test.SkosCodeListTest","testSKOSFromRDF2"
"","4","testNestedArrayPrettyPrint","","Fri Mar 06 13:58:22 UTC 2026","passed","Fri Mar 06 13:58:22 UTC 2026","","eu.esdihumboldt.util.groovy.json.JsonStreamBuilderTest","eu.esdihumboldt.util.groovy.json.JsonStreamBuilderTest","testNestedArrayPrettyPrint"
"","18","testWriteRead","","Fri Mar 06 13:58:22 UTC 2026","passed","Fri Mar 06 13:58:22 UTC 2026","","eu.esdihumboldt.util.groovy.xml.NSDOMBuilderTest","eu.esdihumboldt.util.groovy.xml.NSDOMBuilderTest","testWriteRead"
"","1938","testByPointsToCenterAllGrid","","Fri Mar 06 13:58:15 UTC 2026","passed","Fri Mar 06 13:58:17 UTC 2026","","eu.esdihumboldt.util.geometry.interpolation.grid.GridInterpolationTest","eu.esdihumboldt.util.geometry.interpolation.grid.GridInterpolationTest","testByPointsToCenterAllGrid"
"","5","testComplexStructureFromTheGuardian","","Fri Mar 06 13:58:22 UTC 2026","passed","Fri Mar 06 13:58:22 UTC 2026","","eu.esdihumboldt.util.groovy.json.JsonStreamBuilderTest","eu.esdihumboldt.util.groovy.json.JsonStreamBuilderTest","testComplexStructureFromTheGuardian"
"","235","mergeJoinsWithJoin_abstract2","","Fri Mar 06 13:56:06 UTC 2026","passed","Fri Mar 06 13:56:07 UTC 2026","","eu.esdihumboldt.hale.common.align.merge.test.impl.JoinMergeTest","eu.esdihumboldt.hale.common.align.merge.test.impl.JoinMergeTest","mergeJoinsWithJoin_abstract2"
"","5","testTrendsFromTwitter","","Fri Mar 06 13:58:22 UTC 2026","passed","Fri Mar 06 13:58:22 UTC 2026","","eu.esdihumboldt.util.groovy.json.JsonStreamBuilderTest","eu.esdihumboldt.util.groovy.json.JsonStreamBuilderTest","testTrendsFromTwitter"
"","1","testOrigin","","Fri Mar 06 13:58:17 UTC 2026","passed","Fri Mar 06 13:58:17 UTC 2026","","eu.esdihumboldt.util.geometry.interpolation.grid.GridUtilTest","eu.esdihumboldt.util.geometry.interpolation.grid.GridUtilTest","testOrigin"
"","170","testLarge","","Fri Mar 06 13:58:17 UTC 2026","passed","Fri Mar 06 13:58:17 UTC 2026","","eu.esdihumboldt.util.geometry.interpolation.split.SplitInterpolationTest","eu.esdihumboldt.util.geometry.interpolation.split.SplitInterpolationTest","testLarge"
"","18","testRead","","Fri Mar 06 13:56:24 UTC 2026","passed","Fri Mar 06 13:56:24 UTC 2026","","eu.esdihumboldt.hale.common.core.io.impl.ValueListTypeTest","eu.esdihumboldt.hale.common.core.io.impl.ValueListTypeTest","testRead"
"","1","testCCW2","","Fri Mar 06 13:58:17 UTC 2026","passed","Fri Mar 06 13:58:17 UTC 2026","","eu.esdihumboldt.util.geometry.interpolation.model.impl.ArcByCenterPointImplTest","eu.esdihumboldt.util.geometry.interpolation.model.impl.ArcByCenterPointImplTest","testCCW2"
"","16","testLoopArrayPrettyPrint","","Fri Mar 06 13:58:22 UTC 2026","passed","Fri Mar 06 13:58:22 UTC 2026","","eu.esdihumboldt.util.groovy.json.JsonStreamBuilderTest","eu.esdihumboldt.util.groovy.json.JsonStreamBuilderTest","testLoopArrayPrettyPrint"
"","208","mergeJoinWithRetype","","Fri Mar 06 13:56:04 UTC 2026","passed","Fri Mar 06 13:56:04 UTC 2026","","eu.esdihumboldt.hale.common.align.merge.test.impl.DefaultMergeCellMigratorTest","eu.esdihumboldt.hale.common.align.merge.test.impl.DefaultMergeCellMigratorTest","mergeJoinWithRetype"
"","13","testConstraints","","Fri Mar 06 13:56:47 UTC 2026","passed","Fri Mar 06 13:56:47 UTC 2026","","eu.esdihumboldt.hale.common.schema.groovy.SchemaBuilderTest","eu.esdihumboldt.hale.common.schema.groovy.SchemaBuilderTest","testConstraints"
"","0","testFormatter[9]","","Fri Mar 06 13:58:13 UTC 2026","passed","Fri Mar 06 13:58:13 UTC 2026","","eu.esdihumboldt.util.geometry.DecimalFormatUtilTest","eu.esdihumboldt.util.geometry.DecimalFormatUtilTest","testFormatter[9]"
"","0","testLookupAndConsumeMark","","Fri Mar 06 13:56:25 UTC 2026","passed","Fri Mar 06 13:56:25 UTC 2026","","eu.esdihumboldt.hale.common.core.io.supplier.LookupStreamResourceTest","eu.esdihumboldt.hale.common.core.io.supplier.LookupStreamResourceTest","testLookupAndConsumeMark"
"","376","testSaveLoad","","Fri Mar 06 13:56:24 UTC 2026","passed","Fri Mar 06 13:56:25 UTC 2026","","eu.esdihumboldt.hale.common.core.io.project.ProjectTest","eu.esdihumboldt.hale.common.core.io.project.ProjectTest","testSaveLoad"
"","0","testLimit2","","Fri Mar 06 13:56:25 UTC 2026","passed","Fri Mar 06 13:56:25 UTC 2026","","eu.esdihumboldt.hale.common.core.io.supplier.LookupStreamResourceTest","eu.esdihumboldt.hale.common.core.io.supplier.LookupStreamResourceTest","testLimit2"
"","69","testStringValueList","","Fri Mar 06 13:56:24 UTC 2026","passed","Fri Mar 06 13:56:24 UTC 2026","","eu.esdihumboldt.hale.common.core.io.impl.ValueListTypeTest","eu.esdihumboldt.hale.common.core.io.impl.ValueListTypeTest","testStringValueList"
"","58","testNativeQuery","","Fri Mar 06 13:58:32 UTC 2026","passed","Fri Mar 06 13:58:32 UTC 2026","","eu.esdihumboldt.util.orient.embedded.MemoryDocumentTest","eu.esdihumboldt.util.orient.embedded.MemoryDocumentTest","testNativeQuery"
"","2","testRootArrayObjectsFail","","Fri Mar 06 13:58:22 UTC 2026","passed","Fri Mar 06 13:58:22 UTC 2026","","eu.esdihumboldt.util.groovy.json.JsonStreamBuilderTest","eu.esdihumboldt.util.groovy.json.JsonStreamBuilderTest","testRootArrayObjectsFail"
"","22","testRead_definitive_substitution","","Fri Mar 06 13:58:04 UTC 2026","passed","Fri Mar 06 13:58:04 UTC 2026","","eu.esdihumboldt.hale.io.xsd.reader.XmlSchemaReaderTest","eu.esdihumboldt.hale.io.xsd.reader.XmlSchemaReaderTest","testRead_definitive_substitution"
"","584","testReadNoNames","","Fri Mar 06 13:57:21 UTC 2026","passed","Fri Mar 06 13:57:22 UTC 2026","","eu.esdihumboldt.hale.io.codelist.xml.reader.XmlCodeListTest","eu.esdihumboldt.hale.io.codelist.xml.reader.XmlCodeListTest","testReadNoNames"
"","31","testCallClosure","","Fri Mar 06 13:57:33 UTC 2026","passed","Fri Mar 06 13:57:33 UTC 2026","","eu.esdihumboldt.hale.io.groovy.snippets.GroovySnippetsTest","eu.esdihumboldt.hale.io.groovy.snippets.GroovySnippetsTest","testCallClosure"
"","0","testHasNext2","","Fri Mar 06 13:58:31 UTC 2026","skipped","Fri Mar 06 13:58:31 UTC 2026","","eu.esdihumboldt.util.orient.embedded.BrowseClassIterateTest","eu.esdihumboldt.util.orient.embedded.BrowseClassIterateTest","testHasNext2"
"","2","testNested","","Fri Mar 06 13:58:10 UTC 2026","passed","Fri Mar 06 13:58:10 UTC 2026","","eu.esdihumboldt.util.config.ConfigMergerTest","eu.esdihumboldt.util.config.ConfigMergerTest","testNested"
"","969","test1","","Fri Mar 06 13:56:52 UTC 2026","passed","Fri Mar 06 13:56:53 UTC 2026","","eu.esdihumboldt.hale.common.service.helper.test.PopulationCountTest","eu.esdihumboldt.hale.common.service.helper.test.PopulationCountTest","test1"
"","22","testCallBindung","","Fri Mar 06 13:57:33 UTC 2026","passed","Fri Mar 06 13:57:33 UTC 2026","","eu.esdihumboldt.hale.io.groovy.snippets.GroovySnippetsTest","eu.esdihumboldt.hale.io.groovy.snippets.GroovySnippetsTest","testCallBindung"
"","3","testExampleFromTheGep7Page","","Fri Mar 06 13:58:22 UTC 2026","passed","Fri Mar 06 13:58:22 UTC 2026","","eu.esdihumboldt.util.groovy.json.JsonStreamBuilderTest","eu.esdihumboldt.util.groovy.json.JsonStreamBuilderTest","testExampleFromTheGep7Page"
"","0","testFileRelative2","","Fri Mar 06 13:58:02 UTC 2026","passed","Fri Mar 06 13:58:02 UTC 2026","","eu.esdihumboldt.hale.io.xsd.reader.HumboldtURIResolverTest","eu.esdihumboldt.hale.io.xsd.reader.HumboldtURIResolverTest","testFileRelative2"
"","10","testClass","","Fri Mar 06 13:56:47 UTC 2026","passed","Fri Mar 06 13:56:47 UTC 2026","","eu.esdihumboldt.hale.common.schema.groovy.constraints.BindingFactoryTest","eu.esdihumboldt.hale.common.schema.groovy.constraints.BindingFactoryTest","testClass"
"","0","testFormatter[6]","","Fri Mar 06 13:58:13 UTC 2026","passed","Fri Mar 06 13:58:13 UTC 2026","","eu.esdihumboldt.util.geometry.DecimalFormatUtilTest","eu.esdihumboldt.util.geometry.DecimalFormatUtilTest","testFormatter[6]"
"","214","testDuplicateRule","","Fri Mar 06 13:57:54 UTC 2026","passed","Fri Mar 06 13:57:54 UTC 2026","","eu.esdihumboldt.hale.io.schematron.SchematronInstanceValidatorTest","eu.esdihumboldt.hale.io.schematron.SchematronInstanceValidatorTest","testDuplicateRule"
"","132","testNativeQuery","","Fri Mar 06 13:58:32 UTC 2026","passed","Fri Mar 06 13:58:32 UTC 2026","","eu.esdihumboldt.util.orient.embedded.LocalDocumentTest","eu.esdihumboldt.util.orient.embedded.LocalDocumentTest","testNativeQuery"
"","3","testSimpleSingleLax","","Fri Mar 06 13:56:47 UTC 2026","passed","Fri Mar 06 13:56:47 UTC 2026","","eu.esdihumboldt.hale.common.schema.groovy.DefinitionAccessorTest","eu.esdihumboldt.hale.common.schema.groovy.DefinitionAccessorTest","testSimpleSingleLax"
"","648","testNesting","","Fri Mar 06 13:55:51 UTC 2026","passed","Fri Mar 06 13:55:52 UTC 2026","","eu.esdihumboldt.hale.common.align.groovy.accessor.EntityAccessorTest","eu.esdihumboldt.hale.common.align.groovy.accessor.EntityAccessorTest","testNesting"
"","0","testUnifyMultiPolygon","","Fri Mar 06 13:58:15 UTC 2026","passed","Fri Mar 06 13:58:15 UTC 2026","","eu.esdihumboldt.util.geometry.WindingOrderTest","eu.esdihumboldt.util.geometry.WindingOrderTest","testUnifyMultiPolygon"
"","151","testThread","","Fri Mar 06 13:58:31 UTC 2026","passed","Fri Mar 06 13:58:32 UTC 2026","","eu.esdihumboldt.util.orient.embedded.LocalDocumentTest","eu.esdihumboldt.util.orient.embedded.LocalDocumentTest","testThread"
"","452","testSimpleAll","","Fri Mar 06 13:55:51 UTC 2026","passed","Fri Mar 06 13:55:51 UTC 2026","","eu.esdihumboldt.hale.common.align.groovy.accessor.EntityAccessorTest","eu.esdihumboldt.hale.common.align.groovy.accessor.EntityAccessorTest","testSimpleAll"
"","0","testFormatter[3]","","Fri Mar 06 13:58:13 UTC 2026","passed","Fri Mar 06 13:58:13 UTC 2026","","eu.esdihumboldt.util.geometry.DecimalFormatUtilTest","eu.esdihumboldt.util.geometry.DecimalFormatUtilTest","testFormatter[3]"
"","1","testGetVersion","","Fri Mar 06 13:56:23 UTC 2026","skipped","Fri Mar 06 13:56:23 UTC 2026","","eu.esdihumboldt.hale.common.core.HalePlatformTest","eu.esdihumboldt.hale.common.core.HalePlatformTest","testGetVersion"
"","178","mergeJoinGroovyRetype","","Fri Mar 06 13:56:05 UTC 2026","passed","Fri Mar 06 13:56:05 UTC 2026","","eu.esdihumboldt.hale.common.align.merge.test.impl.GroovyRetypeMergeTest","eu.esdihumboldt.hale.common.align.merge.test.impl.GroovyRetypeMergeTest","mergeJoinGroovyRetype"
"","34","testRead_definitive_choice","","Fri Mar 06 13:58:03 UTC 2026","passed","Fri Mar 06 13:58:04 UTC 2026","","eu.esdihumboldt.hale.io.xsd.reader.XmlSchemaReaderTest","eu.esdihumboldt.hale.io.xsd.reader.XmlSchemaReaderTest","testRead_definitive_choice"
"","23","testRead_shiporder_types","","Fri Mar 06 13:58:04 UTC 2026","passed","Fri Mar 06 13:58:04 UTC 2026","","eu.esdihumboldt.hale.io.xsd.reader.XmlSchemaReaderTest","eu.esdihumboldt.hale.io.xsd.reader.XmlSchemaReaderTest","testRead_shiporder_types"
"","2","testSuccessSaveConfig","","Fri Mar 06 13:57:27 UTC 2026","skipped","Fri Mar 06 13:57:27 UTC 2026","","eu.esdihumboldt.hale.io.deegree.mapping.MappingWriterTest","eu.esdihumboldt.hale.io.deegree.mapping.MappingWriterTest","testSuccessSaveConfig"
"","2","testCircle1","","Fri Mar 06 13:58:17 UTC 2026","passed","Fri Mar 06 13:58:17 UTC 2026","","eu.esdihumboldt.util.geometry.interpolation.model.impl.ArcByCenterPointImplTest","eu.esdihumboldt.util.geometry.interpolation.model.impl.ArcByCenterPointImplTest","testCircle1"
"","3","testByPoints2AllGrid","","Fri Mar 06 13:58:17 UTC 2026","passed","Fri Mar 06 13:58:17 UTC 2026","","eu.esdihumboldt.util.geometry.interpolation.grid.GridInterpolationTest","eu.esdihumboldt.util.geometry.interpolation.grid.GridInterpolationTest","testByPoints2AllGrid"
"","141","testSqlQuery","","Fri Mar 06 13:58:32 UTC 2026","passed","Fri Mar 06 13:58:32 UTC 2026","","eu.esdihumboldt.util.orient.embedded.LocalDocumentTest","eu.esdihumboldt.util.orient.embedded.LocalDocumentTest","testSqlQuery"
"","0","testInstanceReader","","Fri Mar 06 13:57:46 UTC 2026","skipped","Fri Mar 06 13:57:46 UTC 2026","","eu.esdihumboldt.hale.io.jdbc.mssql.test.MsSqlDataReaderTest","eu.esdihumboldt.hale.io.jdbc.mssql.test.MsSqlDataReaderTest","testInstanceReader"
"","2","testName","","Fri Mar 06 13:56:47 UTC 2026","passed","Fri Mar 06 13:56:47 UTC 2026","","eu.esdihumboldt.hale.common.schema.groovy.constraints.DisplayNameFactoryTest","eu.esdihumboldt.hale.common.schema.groovy.constraints.DisplayNameFactoryTest","testName"
"","0","testGeometryFlippedOnNULLCRS","","Fri Mar 06 13:58:15 UTC 2026","passed","Fri Mar 06 13:58:15 UTC 2026","","eu.esdihumboldt.util.geometry.WindingOrderTest","eu.esdihumboldt.util.geometry.WindingOrderTest","testGeometryFlippedOnNULLCRS"
"","3","testCW1","","Fri Mar 06 13:58:17 UTC 2026","passed","Fri Mar 06 13:58:17 UTC 2026","","eu.esdihumboldt.util.geometry.interpolation.model.impl.ArcByCenterPointImplTest","eu.esdihumboldt.util.geometry.interpolation.model.impl.ArcByCenterPointImplTest","testCW1"
"","72","testWriteDocument","","Fri Mar 06 13:58:32 UTC 2026","passed","Fri Mar 06 13:58:32 UTC 2026","","eu.esdihumboldt.util.orient.embedded.MemoryDocumentTest","eu.esdihumboldt.util.orient.embedded.MemoryDocumentTest","testWriteDocument"
"","241","mergeJoinWithRetypeDef","","Fri Mar 06 13:56:03 UTC 2026","passed","Fri Mar 06 13:56:03 UTC 2026","","eu.esdihumboldt.hale.common.align.merge.test.impl.DefaultMergeCellMigratorTest","eu.esdihumboldt.hale.common.align.merge.test.impl.DefaultMergeCellMigratorTest","mergeJoinWithRetypeDef"
"","11","testDoubleConsume","","Fri Mar 06 13:56:25 UTC 2026","passed","Fri Mar 06 13:56:25 UTC 2026","","eu.esdihumboldt.hale.common.core.io.supplier.LookupStreamResourceTest","eu.esdihumboldt.hale.common.core.io.supplier.LookupStreamResourceTest","testDoubleConsume"
"","0","testFormatter[5]","","Fri Mar 06 13:58:13 UTC 2026","passed","Fri Mar 06 13:58:13 UTC 2026","","eu.esdihumboldt.util.geometry.DecimalFormatUtilTest","eu.esdihumboldt.util.geometry.DecimalFormatUtilTest","testFormatter[5]"
"","0","testOrderClockwise","","Fri Mar 06 13:58:15 UTC 2026","passed","Fri Mar 06 13:58:15 UTC 2026","","eu.esdihumboldt.util.geometry.WindingOrderTest","eu.esdihumboldt.util.geometry.WindingOrderTest","testOrderClockwise"
"","122","testPreparedQuery","","Fri Mar 06 13:58:32 UTC 2026","passed","Fri Mar 06 13:58:32 UTC 2026","","eu.esdihumboldt.util.orient.embedded.LocalDocumentTest","eu.esdihumboldt.util.orient.embedded.LocalDocumentTest","testPreparedQuery"
"","7","testWriteReadTypeSafe","","Fri Mar 06 13:58:22 UTC 2026","passed","Fri Mar 06 13:58:22 UTC 2026","","eu.esdihumboldt.util.groovy.xml.NSDOMBuilderTest","eu.esdihumboldt.util.groovy.xml.NSDOMBuilderTest","testWriteReadTypeSafe"
"","30","testRun","","Fri Mar 06 13:57:33 UTC 2026","passed","Fri Mar 06 13:57:33 UTC 2026","","eu.esdihumboldt.hale.io.groovy.snippets.GroovySnippetsTest","eu.esdihumboldt.hale.io.groovy.snippets.GroovySnippetsTest","testRun"
"","1","testStringValueListJson","","Fri Mar 06 13:56:24 UTC 2026","passed","Fri Mar 06 13:56:24 UTC 2026","","eu.esdihumboldt.hale.common.core.io.impl.ValueListTypeTest","eu.esdihumboldt.hale.common.core.io.impl.ValueListTypeTest","testStringValueListJson"
"","2","testIntKeys","","Fri Mar 06 13:57:05 UTC 2026","passed","Fri Mar 06 13:57:05 UTC 2026","","eu.esdihumboldt.cst.functions.groovy.helpers.util.CollectorTest","eu.esdihumboldt.cst.functions.groovy.helpers.util.CollectorTest","testIntKeys"
"","0","testUnifyGeometryCollection","","Fri Mar 06 13:58:15 UTC 2026","passed","Fri Mar 06 13:58:15 UTC 2026","","eu.esdihumboldt.util.geometry.WindingOrderTest","eu.esdihumboldt.util.geometry.WindingOrderTest","testUnifyGeometryCollection"
"","9","testMerge4","","Fri Mar 06 13:56:25 UTC 2026","passed","Fri Mar 06 13:56:25 UTC 2026","","eu.esdihumboldt.hale.common.core.report.util.StatsMergeTest","eu.esdihumboldt.hale.common.core.report.util.StatsMergeTest","testMerge4"
"","9","testFormatter[0]","","Fri Mar 06 13:58:13 UTC 2026","passed","Fri Mar 06 13:58:13 UTC 2026","","eu.esdihumboldt.util.geometry.DecimalFormatUtilTest","eu.esdihumboldt.util.geometry.DecimalFormatUtilTest","testFormatter[0]"
"","1","testCW3","","Fri Mar 06 13:58:17 UTC 2026","passed","Fri Mar 06 13:58:17 UTC 2026","","eu.esdihumboldt.util.geometry.interpolation.model.impl.ArcByCenterPointImplTest","eu.esdihumboldt.util.geometry.interpolation.model.impl.ArcByCenterPointImplTest","testCW3"
"","81","testPreparedQuery","","Fri Mar 06 13:58:32 UTC 2026","passed","Fri Mar 06 13:58:32 UTC 2026","","eu.esdihumboldt.util.orient.embedded.MemoryDocumentTest","eu.esdihumboldt.util.orient.embedded.MemoryDocumentTest","testPreparedQuery"
"","0","testCRSFlipped","","Fri Mar 06 13:58:15 UTC 2026","passed","Fri Mar 06 13:58:15 UTC 2026","","eu.esdihumboldt.util.geometry.WindingOrderTest","eu.esdihumboldt.util.geometry.WindingOrderTest","testCRSFlipped"
"","1078","testValid","","Fri Mar 06 13:57:53 UTC 2026","passed","Fri Mar 06 13:57:54 UTC 2026","","eu.esdihumboldt.hale.io.schematron.SchematronInstanceValidatorTest","eu.esdihumboldt.hale.io.schematron.SchematronInstanceValidatorTest","testValid"
"","31","notAllowedClassesDisallowed","","Fri Mar 06 13:58:27 UTC 2026","passed","Fri Mar 06 13:58:27 UTC 2026","","eu.esdihumboldt.util.groovy.sandbox.test.internal.GroovySandboxTest","eu.esdihumboldt.util.groovy.sandbox.test.internal.GroovySandboxTest","notAllowedClassesDisallowed"
"","1","testSubfolder","","Fri Mar 06 13:56:23 UTC 2026","passed","Fri Mar 06 13:56:23 UTC 2026","","eu.esdihumboldt.hale.common.core.io.PathUpdateTest","eu.esdihumboldt.hale.common.core.io.PathUpdateTest","testSubfolder"
"","0","testAschemaReader","","Fri Mar 06 13:57:46 UTC 2026","skipped","Fri Mar 06 13:57:46 UTC 2026","","eu.esdihumboldt.hale.io.jdbc.mssql.test.MsSQLServer14Test","eu.esdihumboldt.hale.io.jdbc.mssql.test.MsSQLServer14Test","testAschemaReader"
"","2","testElementHasListOfObjects","","Fri Mar 06 13:58:22 UTC 2026","passed","Fri Mar 06 13:58:22 UTC 2026","","eu.esdihumboldt.util.groovy.json.JsonStreamBuilderTest","eu.esdihumboldt.util.groovy.json.JsonStreamBuilderTest","testElementHasListOfObjects"
"","9","testEachCollector","","Fri Mar 06 13:57:05 UTC 2026","passed","Fri Mar 06 13:57:05 UTC 2026","","eu.esdihumboldt.cst.functions.groovy.helpers.util.CollectorTest","eu.esdihumboldt.cst.functions.groovy.helpers.util.CollectorTest","testEachCollector"
"","0","testOrder","","Fri Mar 06 13:58:06 UTC 2026","passed","Fri Mar 06 13:58:06 UTC 2026","","eu.esdihumboldt.util.DependencyOrderedListTest","eu.esdihumboldt.util.DependencyOrderedListTest","testOrder"
"","132","testFilterSame6","","Fri Mar 06 13:56:01 UTC 2026","passed","Fri Mar 06 13:56:01 UTC 2026","","eu.esdihumboldt.hale.common.align.merge.test.impl.DefaultMergeCellMigratorTest","eu.esdihumboldt.hale.common.align.merge.test.impl.DefaultMergeCellMigratorTest","testFilterSame6"
"","31","testOffsetBig","","Fri Mar 06 13:58:17 UTC 2026","passed","Fri Mar 06 13:58:17 UTC 2026","","eu.esdihumboldt.util.geometry.interpolation.split.SplitInterpolationTest","eu.esdihumboldt.util.geometry.interpolation.split.SplitInterpolationTest","testOffsetBig"
"","14","testMetaClass","","Fri Mar 06 13:55:51 UTC 2026","passed","Fri Mar 06 13:55:51 UTC 2026","","eu.esdihumboldt.hale.common.align.groovy.accessor.EntityAccessorTest","eu.esdihumboldt.hale.common.align.groovy.accessor.EntityAccessorTest","testMetaClass"
"","1","testTrueFalse","","Fri Mar 06 13:56:47 UTC 2026","passed","Fri Mar 06 13:56:47 UTC 2026","","eu.esdihumboldt.hale.common.schema.groovy.constraints.NillableFactoryTest","eu.esdihumboldt.hale.common.schema.groovy.constraints.NillableFactoryTest","testTrueFalse"
"","320","testJoinsCondition","","Fri Mar 06 13:56:05 UTC 2026","passed","Fri Mar 06 13:56:06 UTC 2026","","eu.esdihumboldt.hale.common.align.merge.test.impl.JoinFocusRetainConditionTest","eu.esdihumboldt.hale.common.align.merge.test.impl.JoinFocusRetainConditionTest","testJoinsCondition"
"","1961","testAdvCrsFactories","","Fri Mar 06 13:56:40 UTC 2026","passed","Fri Mar 06 13:56:42 UTC 2026","","eu.esdihumboldt.hale.common.referencing.factory.CrsAuthorityFactoryTest","eu.esdihumboldt.hale.common.referencing.factory.CrsAuthorityFactoryTest","testAdvCrsFactories"
"","4","testBasicObject","","Fri Mar 06 13:58:22 UTC 2026","passed","Fri Mar 06 13:58:22 UTC 2026","","eu.esdihumboldt.util.groovy.json.JsonStreamBuilderTest","eu.esdihumboldt.util.groovy.json.JsonStreamBuilderTest","testBasicObject"
"","47","testRunsInHale","","Fri Mar 06 13:57:33 UTC 2026","passed","Fri Mar 06 13:57:33 UTC 2026","","eu.esdihumboldt.hale.io.groovy.snippets.GroovySnippetsTest","eu.esdihumboldt.hale.io.groovy.snippets.GroovySnippetsTest","testRunsInHale"
"","0","testUnifyHoles","","Fri Mar 06 13:58:15 UTC 2026","passed","Fri Mar 06 13:58:15 UTC 2026","","eu.esdihumboldt.util.geometry.WindingOrderTest","eu.esdihumboldt.util.geometry.WindingOrderTest","testUnifyHoles"
"","4","testJsonBuilderPrettyPrint","","Fri Mar 06 13:58:22 UTC 2026","passed","Fri Mar 06 13:58:22 UTC 2026","","eu.esdihumboldt.util.groovy.json.JsonStreamBuilderTest","eu.esdihumboldt.util.groovy.json.JsonStreamBuilderTest","testJsonBuilderPrettyPrint"
"","14","testBothWays","","Fri Mar 06 13:58:02 UTC 2026","passed","Fri Mar 06 13:58:02 UTC 2026","","eu.esdihumboldt.hale.io.xsd.anytype.valuetypes.CustomTypeContentConfigurationTypeTest","eu.esdihumboldt.hale.io.xsd.anytype.valuetypes.CustomTypeContentConfigurationTypeTest","testBothWays"
"","689","testRequestNoCache","","Fri Mar 06 13:56:12 UTC 2026","passed","Fri Mar 06 13:56:13 UTC 2026","","eu.esdihumboldt.hale.common.cache.RequestTest","eu.esdihumboldt.hale.common.cache.RequestTest","testRequestNoCache"
"","0","testQ3","","Fri Mar 06 13:58:17 UTC 2026","passed","Fri Mar 06 13:58:17 UTC 2026","","eu.esdihumboldt.util.geometry.interpolation.grid.GridUtilTest","eu.esdihumboldt.util.geometry.interpolation.grid.GridUtilTest","testQ3"
"","3","testByPoints1","","Fri Mar 06 13:58:17 UTC 2026","passed","Fri Mar 06 13:58:17 UTC 2026","","eu.esdihumboldt.util.geometry.interpolation.split.SplitInterpolationTest","eu.esdihumboldt.util.geometry.interpolation.split.SplitInterpolationTest","testByPoints1"
"","5","testStandardBuilderStyle","","Fri Mar 06 13:58:22 UTC 2026","passed","Fri Mar 06 13:58:22 UTC 2026","","eu.esdihumboldt.util.groovy.json.JsonStreamBuilderTest","eu.esdihumboldt.util.groovy.json.JsonStreamBuilderTest","testStandardBuilderStyle"
"","0","testFormatter[8]","","Fri Mar 06 13:58:13 UTC 2026","passed","Fri Mar 06 13:58:13 UTC 2026","","eu.esdihumboldt.util.geometry.DecimalFormatUtilTest","eu.esdihumboldt.util.geometry.DecimalFormatUtilTest","testFormatter[8]"
"","4","testLoopArray","","Fri Mar 06 13:58:22 UTC 2026","passed","Fri Mar 06 13:58:22 UTC 2026","","eu.esdihumboldt.util.groovy.json.JsonStreamBuilderTest","eu.esdihumboldt.util.groovy.json.JsonStreamBuilderTest","testLoopArray"
"","5","testByPoints3AllGrid","","Fri Mar 06 13:58:17 UTC 2026","passed","Fri Mar 06 13:58:17 UTC 2026","","eu.esdihumboldt.util.geometry.interpolation.grid.GridInterpolationTest","eu.esdihumboldt.util.geometry.interpolation.grid.GridInterpolationTest","testByPoints3AllGrid"
"","16","testInvalidKey1","","Fri Mar 06 13:58:10 UTC 2026","passed","Fri Mar 06 13:58:10 UTC 2026","","eu.esdihumboldt.util.config.ConfigTest","eu.esdihumboldt.util.config.ConfigTest","testInvalidKey1"
"","43","testOffsetBig","","Fri Mar 06 13:58:17 UTC 2026","passed","Fri Mar 06 13:58:17 UTC 2026","","eu.esdihumboldt.util.geometry.interpolation.grid.GridInterpolationTest","eu.esdihumboldt.util.geometry.interpolation.grid.GridInterpolationTest","testOffsetBig"
"","0","testFormatter[10]","","Fri Mar 06 13:58:13 UTC 2026","passed","Fri Mar 06 13:58:13 UTC 2026","","eu.esdihumboldt.util.geometry.DecimalFormatUtilTest","eu.esdihumboldt.util.geometry.DecimalFormatUtilTest","testFormatter[10]"
"","2","testHttpRelative1","","Fri Mar 06 13:58:02 UTC 2026","passed","Fri Mar 06 13:58:02 UTC 2026","","eu.esdihumboldt.hale.io.xsd.reader.HumboldtURIResolverTest","eu.esdihumboldt.hale.io.xsd.reader.HumboldtURIResolverTest","testHttpRelative1"
"","4","testByPoints1AllGrid","","Fri Mar 06 13:58:17 UTC 2026","passed","Fri Mar 06 13:58:17 UTC 2026","","eu.esdihumboldt.util.geometry.interpolation.grid.GridInterpolationTest","eu.esdihumboldt.util.geometry.interpolation.grid.GridInterpolationTest","testByPoints1AllGrid"
"","1","testGeometryNormalOnCRS","","Fri Mar 06 13:58:15 UTC 2026","passed","Fri Mar 06 13:58:15 UTC 2026","","eu.esdihumboldt.util.geometry.WindingOrderTest","eu.esdihumboldt.util.geometry.WindingOrderTest","testGeometryNormalOnCRS"
"","0","testUnifyEmpty","","Fri Mar 06 13:58:15 UTC 2026","passed","Fri Mar 06 13:58:15 UTC 2026","","eu.esdihumboldt.util.geometry.WindingOrderTest","eu.esdihumboldt.util.geometry.WindingOrderTest","testUnifyEmpty"
"","5","test90Deegrees","","Fri Mar 06 13:58:17 UTC 2026","passed","Fri Mar 06 13:58:17 UTC 2026","","eu.esdihumboldt.util.geometry.interpolation.grid.GridInterpolationTest","eu.esdihumboldt.util.geometry.interpolation.grid.GridInterpolationTest","test90Deegrees"
"","458","testNestingAll","","Fri Mar 06 13:56:47 UTC 2026","passed","Fri Mar 06 13:56:47 UTC 2026","","eu.esdihumboldt.hale.common.schema.groovy.DefinitionAccessorTest","eu.esdihumboldt.hale.common.schema.groovy.DefinitionAccessorTest","testNestingAll"
"","9","testSKOSFromRDF3","","Fri Mar 06 13:57:18 UTC 2026","passed","Fri Mar 06 13:57:18 UTC 2026","","eu.esdihumboldt.hale.io.codelist.skos.test.SkosCodeListTest","eu.esdihumboldt.hale.io.codelist.skos.test.SkosCodeListTest","testSKOSFromRDF3"
"","1","testHttpAbsoluteOtherFile","","Fri Mar 06 13:58:02 UTC 2026","passed","Fri Mar 06 13:58:02 UTC 2026","","eu.esdihumboldt.hale.io.xsd.reader.HumboldtURIResolverTest","eu.esdihumboldt.hale.io.xsd.reader.HumboldtURIResolverTest","testHttpAbsoluteOtherFile"
"","1","testNotOrigin","","Fri Mar 06 13:58:17 UTC 2026","passed","Fri Mar 06 13:58:17 UTC 2026","","eu.esdihumboldt.util.geometry.interpolation.model.impl.ArcByPointsImplTest","eu.esdihumboldt.util.geometry.interpolation.model.impl.ArcByPointsImplTest","testNotOrigin"
"","2","testRootArrayEmpty","","Fri Mar 06 13:58:22 UTC 2026","passed","Fri Mar 06 13:58:22 UTC 2026","","eu.esdihumboldt.util.groovy.json.JsonStreamBuilderTest","eu.esdihumboldt.util.groovy.json.JsonStreamBuilderTest","testRootArrayEmpty"
"","18","testArcString","","Fri Mar 06 13:58:17 UTC 2026","passed","Fri Mar 06 13:58:17 UTC 2026","","eu.esdihumboldt.util.geometry.interpolation.grid.GridInterpolationTest","eu.esdihumboldt.util.geometry.interpolation.grid.GridInterpolationTest","testArcString"
"","150","testGroovyWarningMergeTarget","","Fri Mar 06 13:56:04 UTC 2026","passed","Fri Mar 06 13:56:04 UTC 2026","","eu.esdihumboldt.hale.common.align.merge.test.impl.DefaultMergeCellMigratorTest","eu.esdihumboldt.hale.common.align.merge.test.impl.DefaultMergeCellMigratorTest","testGroovyWarningMergeTarget"
"","385","testDimensionRule","","Fri Mar 06 13:57:54 UTC 2026","passed","Fri Mar 06 13:57:55 UTC 2026","","eu.esdihumboldt.hale.io.schematron.SchematronInstanceValidatorTest","eu.esdihumboldt.hale.io.schematron.SchematronInstanceValidatorTest","testDimensionRule"
"","5","testHalfCircle","","Fri Mar 06 13:58:17 UTC 2026","passed","Fri Mar 06 13:58:17 UTC 2026","","eu.esdihumboldt.util.geometry.interpolation.split.SplitInterpolationTest","eu.esdihumboldt.util.geometry.interpolation.split.SplitInterpolationTest","testHalfCircle"
"","2","testNestedOverride","","Fri Mar 06 13:58:10 UTC 2026","passed","Fri Mar 06 13:58:10 UTC 2026","","eu.esdihumboldt.util.config.ConfigMergerTest","eu.esdihumboldt.util.config.ConfigMergerTest","testNestedOverride"
"","0","testHttpAbsoluteOtherJar","","Fri Mar 06 13:58:02 UTC 2026","passed","Fri Mar 06 13:58:02 UTC 2026","","eu.esdihumboldt.hale.io.xsd.reader.HumboldtURIResolverTest","eu.esdihumboldt.hale.io.xsd.reader.HumboldtURIResolverTest","testHttpAbsoluteOtherJar"
"","0","testMsAccessSchemaReaderForAccdbTest","","Fri Mar 06 13:57:43 UTC 2026","skipped","Fri Mar 06 13:57:43 UTC 2026","","eu.esdihumboldt.hale.io.jdbc.msaccess.reader.MsAccessSchemaReaderTest","eu.esdihumboldt.hale.io.jdbc.msaccess.reader.MsAccessSchemaReaderTest","testMsAccessSchemaReaderForAccdbTest"
"","4","testDescriptions","","Fri Mar 06 13:56:47 UTC 2026","passed","Fri Mar 06 13:56:47 UTC 2026","","eu.esdihumboldt.hale.common.schema.groovy.SchemaBuilderTest","eu.esdihumboldt.hale.common.schema.groovy.SchemaBuilderTest","testDescriptions"
"","25","testRead_definitive_all","","Fri Mar 06 13:58:03 UTC 2026","passed","Fri Mar 06 13:58:03 UTC 2026","","eu.esdihumboldt.hale.io.xsd.reader.XmlSchemaReaderTest","eu.esdihumboldt.hale.io.xsd.reader.XmlSchemaReaderTest","testRead_definitive_all"
"","133","testGroovyWarningCreateTarget","","Fri Mar 06 13:56:05 UTC 2026","passed","Fri Mar 06 13:56:05 UTC 2026","","eu.esdihumboldt.hale.common.align.merge.test.impl.DefaultMergeCellMigratorTest","eu.esdihumboldt.hale.common.align.merge.test.impl.DefaultMergeCellMigratorTest","testGroovyWarningCreateTarget"
"","2","testSimple","","Fri Mar 06 13:58:02 UTC 2026","passed","Fri Mar 06 13:58:02 UTC 2026","","eu.esdihumboldt.hale.io.xsd.anytype.valuetypes.CustomTypeContentTypeTest","eu.esdihumboldt.hale.io.xsd.anytype.valuetypes.CustomTypeContentTypeTest","testSimple"
"","177","testTypeFilter3","","Fri Mar 06 13:56:02 UTC 2026","passed","Fri Mar 06 13:56:02 UTC 2026","","eu.esdihumboldt.hale.common.align.merge.test.impl.DefaultMergeCellMigratorTest","eu.esdihumboldt.hale.common.align.merge.test.impl.DefaultMergeCellMigratorTest","testTypeFilter3"
"","125","migrateRenameFormattedString","","Fri Mar 06 13:56:05 UTC 2026","passed","Fri Mar 06 13:56:05 UTC 2026","","eu.esdihumboldt.hale.common.align.merge.test.impl.FormattedStringMergeTest","eu.esdihumboldt.hale.common.align.merge.test.impl.FormattedStringMergeTest","migrateRenameFormattedString"
"","17","testValueListValueList","","Fri Mar 06 13:56:24 UTC 2026","passed","Fri Mar 06 13:56:24 UTC 2026","","eu.esdihumboldt.hale.common.core.io.impl.ValueListTypeTest","eu.esdihumboldt.hale.common.core.io.impl.ValueListTypeTest","testValueListValueList"
"","6","testByPoints3","","Fri Mar 06 13:58:17 UTC 2026","passed","Fri Mar 06 13:58:17 UTC 2026","","eu.esdihumboldt.util.geometry.interpolation.split.SplitInterpolationTest","eu.esdihumboldt.util.geometry.interpolation.split.SplitInterpolationTest","testByPoints3"
"","3","testLargeArc","","Fri Mar 06 13:58:17 UTC 2026","passed","Fri Mar 06 13:58:17 UTC 2026","","eu.esdihumboldt.util.geometry.interpolation.model.impl.ArcByPointsImplTest","eu.esdihumboldt.util.geometry.interpolation.model.impl.ArcByPointsImplTest","testLargeArc"
"","163","testFilterSame2","","Fri Mar 06 13:56:01 UTC 2026","passed","Fri Mar 06 13:56:01 UTC 2026","","eu.esdihumboldt.hale.common.align.merge.test.impl.DefaultMergeCellMigratorTest","eu.esdihumboldt.hale.common.align.merge.test.impl.DefaultMergeCellMigratorTest","testFilterSame2"
"","9","testSKOSFromRDF4_language_nl","","Fri Mar 06 13:57:18 UTC 2026","passed","Fri Mar 06 13:57:18 UTC 2026","","eu.esdihumboldt.hale.io.codelist.skos.test.SkosCodeListTest","eu.esdihumboldt.hale.io.codelist.skos.test.SkosCodeListTest","testSKOSFromRDF4_language_nl"
"","218","testWriteReadTypeSafeQName","","Fri Mar 06 13:58:22 UTC 2026","passed","Fri Mar 06 13:58:22 UTC 2026","","eu.esdihumboldt.util.groovy.xml.NSDOMBuilderTest","eu.esdihumboldt.util.groovy.xml.NSDOMBuilderTest","testWriteReadTypeSafeQName"
"","0","testComplexWrite","","Fri Mar 06 13:58:32 UTC 2026","skipped","Fri Mar 06 13:58:32 UTC 2026","","eu.esdihumboldt.util.orient.embedded.MemoryDocumentTest","eu.esdihumboldt.util.orient.embedded.MemoryDocumentTest","testComplexWrite"
"","425","testToFrom","","Fri Mar 06 13:56:23 UTC 2026","passed","Fri Mar 06 13:56:24 UTC 2026","","eu.esdihumboldt.hale.common.core.io.impl.TextTypeJsonTest","eu.esdihumboldt.hale.common.core.io.impl.TextTypeJsonTest","testToFrom"
"","37","testRead_shiporder_types_reverse","","Fri Mar 06 13:58:03 UTC 2026","passed","Fri Mar 06 13:58:03 UTC 2026","","eu.esdihumboldt.hale.io.xsd.reader.XmlSchemaReaderTest","eu.esdihumboldt.hale.io.xsd.reader.XmlSchemaReaderTest","testRead_shiporder_types_reverse"
"","417","testMatchCondition1","","Fri Mar 06 13:56:00 UTC 2026","passed","Fri Mar 06 13:56:00 UTC 2026","","eu.esdihumboldt.hale.common.align.merge.test.impl.DefaultMergeCellMigratorTest","eu.esdihumboldt.hale.common.align.merge.test.impl.DefaultMergeCellMigratorTest","testMatchCondition1"
"","0","testFormatter[7]","","Fri Mar 06 13:58:13 UTC 2026","passed","Fri Mar 06 13:58:13 UTC 2026","","eu.esdihumboldt.util.geometry.DecimalFormatUtilTest","eu.esdihumboldt.util.geometry.DecimalFormatUtilTest","testFormatter[7]"
"","37","testMerge","","Fri Mar 06 13:56:25 UTC 2026","passed","Fri Mar 06 13:56:25 UTC 2026","","eu.esdihumboldt.hale.common.core.report.util.StatsMergeTest","eu.esdihumboldt.hale.common.core.report.util.StatsMergeTest","testMerge"
"","0","testSimple","","Fri Mar 06 13:58:10 UTC 2026","passed","Fri Mar 06 13:58:10 UTC 2026","","eu.esdihumboldt.util.config.ConfigMergerTest","eu.esdihumboldt.util.config.ConfigMergerTest","testSimple"
"","27","testRead_definitive_attributegroup","","Fri Mar 06 13:58:04 UTC 2026","passed","Fri Mar 06 13:58:04 UTC 2026","","eu.esdihumboldt.hale.io.xsd.reader.XmlSchemaReaderTest","eu.esdihumboldt.hale.io.xsd.reader.XmlSchemaReaderTest","testRead_definitive_attributegroup"
"","5","testComplexStructureFromTheGuardianTypeSafe","","Fri Mar 06 13:58:22 UTC 2026","passed","Fri Mar 06 13:58:22 UTC 2026","","eu.esdihumboldt.util.groovy.json.JsonStreamBuilderTest","eu.esdihumboldt.util.groovy.json.JsonStreamBuilderTest","testComplexStructureFromTheGuardianTypeSafe"
"","8","testDoubleObject2","","Fri Mar 06 13:58:22 UTC 2026","passed","Fri Mar 06 13:58:22 UTC 2026","","eu.esdihumboldt.util.groovy.json.JsonStreamBuilderTest","eu.esdihumboldt.util.groovy.json.JsonStreamBuilderTest","testDoubleObject2"
"","2","testVirtualRootPrettyPrint","","Fri Mar 06 13:58:22 UTC 2026","passed","Fri Mar 06 13:58:22 UTC 2026","","eu.esdihumboldt.util.groovy.json.JsonStreamBuilderTest","eu.esdihumboldt.util.groovy.json.JsonStreamBuilderTest","testVirtualRootPrettyPrint"
"","3","testByPoints1","","Fri Mar 06 13:58:17 UTC 2026","passed","Fri Mar 06 13:58:17 UTC 2026","","eu.esdihumboldt.util.geometry.interpolation.grid.GridInterpolationTest","eu.esdihumboldt.util.geometry.interpolation.grid.GridInterpolationTest","testByPoints1"
"","7","testEdgeCases","","Fri Mar 06 13:58:22 UTC 2026","passed","Fri Mar 06 13:58:22 UTC 2026","","eu.esdihumboldt.util.groovy.json.JsonStreamBuilderTest","eu.esdihumboldt.util.groovy.json.JsonStreamBuilderTest","testEdgeCases"
"","8","testLoopStartArray","","Fri Mar 06 13:58:22 UTC 2026","passed","Fri Mar 06 13:58:22 UTC 2026","","eu.esdihumboldt.util.groovy.json.JsonStreamBuilderTest","eu.esdihumboldt.util.groovy.json.JsonStreamBuilderTest","testLoopStartArray"
"","2566","migrateRenameFormattedString","","Fri Mar 06 13:57:10 UTC 2026","passed","Fri Mar 06 13:57:12 UTC 2026","","eu.esdihumboldt.hale.adv.merge.test.AdVMeasurementMergeTest","eu.esdihumboldt.hale.adv.merge.test.AdVMeasurementMergeTest","migrateRenameFormattedString"
"","0","testOrderHolesCCW","","Fri Mar 06 13:58:15 UTC 2026","passed","Fri Mar 06 13:58:15 UTC 2026","","eu.esdihumboldt.util.geometry.WindingOrderTest","eu.esdihumboldt.util.geometry.WindingOrderTest","testOrderHolesCCW"
"","10","testGString","","Fri Mar 06 13:57:05 UTC 2026","passed","Fri Mar 06 13:57:05 UTC 2026","","eu.esdihumboldt.cst.functions.groovy.helpers.util.CollectorTest","eu.esdihumboldt.cst.functions.groovy.helpers.util.CollectorTest","testGString"
"","0","testJarURI","","Fri Mar 06 13:58:02 UTC 2026","passed","Fri Mar 06 13:58:02 UTC 2026","","eu.esdihumboldt.hale.io.xsd.reader.HumboldtURIResolverTest","eu.esdihumboldt.hale.io.xsd.reader.HumboldtURIResolverTest","testJarURI"
"","843","testWriteRead","","Fri Mar 06 13:56:59 UTC 2026","passed","Fri Mar 06 13:57:00 UTC 2026","","eu.esdihumboldt.cst.functions.custom.test.internal.DefaultCustomPropertyFunctionTypeTest","eu.esdihumboldt.cst.functions.custom.test.internal.DefaultCustomPropertyFunctionTypeTest","testWriteRead"
"","281","testTypeFilter5","","Fri Mar 06 13:56:03 UTC 2026","passed","Fri Mar 06 13:56:03 UTC 2026","","eu.esdihumboldt.hale.common.align.merge.test.impl.DefaultMergeCellMigratorTest","eu.esdihumboldt.hale.common.align.merge.test.impl.DefaultMergeCellMigratorTest","testTypeFilter5"
"","42","testCustomClass","","Fri Mar 06 13:57:33 UTC 2026","passed","Fri Mar 06 13:57:33 UTC 2026","","eu.esdihumboldt.hale.io.groovy.snippets.GroovySnippetsTest","eu.esdihumboldt.hale.io.groovy.snippets.GroovySnippetsTest","testCustomClass"
"","0","testSuccessSaveDDL","","Fri Mar 06 13:57:27 UTC 2026","skipped","Fri Mar 06 13:57:27 UTC 2026","","eu.esdihumboldt.hale.io.deegree.mapping.MappingWriterTest","eu.esdihumboldt.hale.io.deegree.mapping.MappingWriterTest","testSuccessSaveDDL"
"","242","mergeJoinsWithJoin_sample_hydro","","Fri Mar 06 13:56:06 UTC 2026","passed","Fri Mar 06 13:56:06 UTC 2026","","eu.esdihumboldt.hale.common.align.merge.test.impl.JoinMergeTest","eu.esdihumboldt.hale.common.align.merge.test.impl.JoinMergeTest","mergeJoinsWithJoin_sample_hydro"
"","141","testLarge","","Fri Mar 06 13:58:17 UTC 2026","passed","Fri Mar 06 13:58:17 UTC 2026","","eu.esdihumboldt.util.geometry.interpolation.grid.GridInterpolationTest","eu.esdihumboldt.util.geometry.interpolation.grid.GridInterpolationTest","testLarge"
"","4","testNamespaceIndex","","Fri Mar 06 13:55:51 UTC 2026","passed","Fri Mar 06 13:55:51 UTC 2026","","eu.esdihumboldt.hale.common.align.groovy.accessor.EntityAccessorTest","eu.esdihumboldt.hale.common.align.groovy.accessor.EntityAccessorTest","testNamespaceIndex"
"","1","testValueProperties","","Fri Mar 06 13:56:24 UTC 2026","passed","Fri Mar 06 13:56:24 UTC 2026","","eu.esdihumboldt.hale.common.core.io.impl.ValuePropertiesTypeTest","eu.esdihumboldt.hale.common.core.io.impl.ValuePropertiesTypeTest","testValueProperties"
"","229","testTypeFilter6","","Fri Mar 06 13:56:03 UTC 2026","passed","Fri Mar 06 13:56:03 UTC 2026","","eu.esdihumboldt.hale.common.align.merge.test.impl.DefaultMergeCellMigratorTest","eu.esdihumboldt.hale.common.align.merge.test.impl.DefaultMergeCellMigratorTest","testTypeFilter6"
"","6","testSimpleAll","","Fri Mar 06 13:56:47 UTC 2026","passed","Fri Mar 06 13:56:47 UTC 2026","","eu.esdihumboldt.hale.common.schema.groovy.DefinitionAccessorTest","eu.esdihumboldt.hale.common.schema.groovy.DefinitionAccessorTest","testSimpleAll"
"","3","testByPoints2","","Fri Mar 06 13:58:17 UTC 2026","passed","Fri Mar 06 13:58:17 UTC 2026","","eu.esdihumboldt.util.geometry.interpolation.grid.GridInterpolationTest","eu.esdihumboldt.util.geometry.interpolation.grid.GridInterpolationTest","testByPoints2"
"","4","testNamespace","","Fri Mar 06 13:56:47 UTC 2026","passed","Fri Mar 06 13:56:47 UTC 2026","","eu.esdihumboldt.hale.common.schema.groovy.DefinitionAccessorTest","eu.esdihumboldt.hale.common.schema.groovy.DefinitionAccessorTest","testNamespace"
"","2","testTrueFalse","","Fri Mar 06 13:56:47 UTC 2026","passed","Fri Mar 06 13:56:47 UTC 2026","","eu.esdihumboldt.hale.common.schema.groovy.constraints.TypeAbstractFactoryTest","eu.esdihumboldt.hale.common.schema.groovy.constraints.TypeAbstractFactoryTest","testTrueFalse"
"","2061","testMsAccessSchemaReaderForMdbTest","","Fri Mar 06 13:57:41 UTC 2026","passed","Fri Mar 06 13:57:43 UTC 2026","","eu.esdihumboldt.hale.io.jdbc.msaccess.reader.MsAccessInstanceReaderTest","eu.esdihumboldt.hale.io.jdbc.msaccess.reader.MsAccessInstanceReaderTest","testMsAccessSchemaReaderForMdbTest"
"","804","testCount","","Fri Mar 06 13:58:30 UTC 2026","passed","Fri Mar 06 13:58:31 UTC 2026","","eu.esdihumboldt.util.orient.embedded.BrowseClassIterateTest","eu.esdihumboldt.util.orient.embedded.BrowseClassIterateTest","testCount"
"","8","testLoad","","Fri Mar 06 13:58:02 UTC 2026","passed","Fri Mar 06 13:58:02 UTC 2026","","eu.esdihumboldt.hale.io.xsd.anytype.valuetypes.CustomTypeContentConfigurationTypeTest","eu.esdihumboldt.hale.io.xsd.anytype.valuetypes.CustomTypeContentConfigurationTypeTest","testLoad"
"","514","testLists","","Fri Mar 06 13:58:10 UTC 2026","passed","Fri Mar 06 13:58:10 UTC 2026","","eu.esdihumboldt.util.config.ConfigMergerTest","eu.esdihumboldt.util.config.ConfigMergerTest","testLists"
"","1","testFormatter[12]","","Fri Mar 06 13:58:13 UTC 2026","passed","Fri Mar 06 13:58:13 UTC 2026","","eu.esdihumboldt.util.geometry.DecimalFormatUtilTest","eu.esdihumboldt.util.geometry.DecimalFormatUtilTest","testFormatter[12]"
"","2","testJsonBuilderSameNameFail2","","Fri Mar 06 13:58:22 UTC 2026","passed","Fri Mar 06 13:58:22 UTC 2026","","eu.esdihumboldt.util.groovy.json.JsonStreamBuilderTest","eu.esdihumboldt.util.groovy.json.JsonStreamBuilderTest","testJsonBuilderSameNameFail2"
"","7","testHalfCircleAllGrid","","Fri Mar 06 13:58:17 UTC 2026","passed","Fri Mar 06 13:58:17 UTC 2026","","eu.esdihumboldt.util.geometry.interpolation.grid.GridInterpolationTest","eu.esdihumboldt.util.geometry.interpolation.grid.GridInterpolationTest","testHalfCircleAllGrid"
"","2","testInvalidKey2","","Fri Mar 06 13:58:10 UTC 2026","passed","Fri Mar 06 13:58:10 UTC 2026","","eu.esdihumboldt.util.config.ConfigTest","eu.esdihumboldt.util.config.ConfigTest","testInvalidKey2"
"","534","testSha256_String","","Fri Mar 06 13:57:04 UTC 2026","passed","Fri Mar 06 13:57:05 UTC 2026","","eu.esdihumboldt.cst.functions.groovy.helpers.CryptoHelpersTest","eu.esdihumboldt.cst.functions.groovy.helpers.CryptoHelpersTest","testSha256_String"
"","0","testUnifyCCWSimple","","Fri Mar 06 13:58:15 UTC 2026","passed","Fri Mar 06 13:58:15 UTC 2026","","eu.esdihumboldt.util.geometry.WindingOrderTest","eu.esdihumboldt.util.geometry.WindingOrderTest","testUnifyCCWSimple"
"","2","testCircle2","","Fri Mar 06 13:58:17 UTC 2026","passed","Fri Mar 06 13:58:17 UTC 2026","","eu.esdihumboldt.util.geometry.interpolation.model.impl.ArcByCenterPointImplTest","eu.esdihumboldt.util.geometry.interpolation.model.impl.ArcByCenterPointImplTest","testCircle2"
"","718","testSKOSFromRDF5_language_de","","Fri Mar 06 13:57:17 UTC 2026","passed","Fri Mar 06 13:57:18 UTC 2026","","eu.esdihumboldt.hale.io.codelist.skos.test.SkosCodeListTest","eu.esdihumboldt.hale.io.codelist.skos.test.SkosCodeListTest","testSKOSFromRDF5_language_de"
"","257","testGroovyWarningMerge","","Fri Mar 06 13:56:02 UTC 2026","passed","Fri Mar 06 13:56:02 UTC 2026","","eu.esdihumboldt.hale.common.align.merge.test.impl.DefaultMergeCellMigratorTest","eu.esdihumboldt.hale.common.align.merge.test.impl.DefaultMergeCellMigratorTest","testGroovyWarningMerge"
"","1","testSame","","Fri Mar 06 13:56:23 UTC 2026","passed","Fri Mar 06 13:56:23 UTC 2026","","eu.esdihumboldt.hale.common.core.io.PathUpdateTest","eu.esdihumboldt.hale.common.core.io.PathUpdateTest","testSame"
"","31","testRead_definitive_groups","","Fri Mar 06 13:58:04 UTC 2026","passed","Fri Mar 06 13:58:04 UTC 2026","","eu.esdihumboldt.hale.io.xsd.reader.XmlSchemaReaderTest","eu.esdihumboldt.hale.io.xsd.reader.XmlSchemaReaderTest","testRead_definitive_groups"
"","0","testCopyISOTC211","","Fri Mar 06 13:56:25 UTC 2026","skipped","Fri Mar 06 13:56:25 UTC 2026","","eu.esdihumboldt.hale.common.core.io.project.util.XMLPathUpdaterTest","eu.esdihumboldt.hale.common.core.io.project.util.XMLPathUpdaterTest","testCopyISOTC211"
"","150","testGroovyWarningRetypeTarget","","Fri Mar 06 13:56:03 UTC 2026","passed","Fri Mar 06 13:56:04 UTC 2026","","eu.esdihumboldt.hale.common.align.merge.test.impl.DefaultMergeCellMigratorTest","eu.esdihumboldt.hale.common.align.merge.test.impl.DefaultMergeCellMigratorTest","testGroovyWarningRetypeTarget"
"","25","testCallMethod","","Fri Mar 06 13:57:33 UTC 2026","passed","Fri Mar 06 13:57:33 UTC 2026","","eu.esdihumboldt.hale.io.groovy.snippets.GroovySnippetsTest","eu.esdihumboldt.hale.io.groovy.snippets.GroovySnippetsTest","testCallMethod"
"","5","testRootArrayObjectNested","","Fri Mar 06 13:58:22 UTC 2026","passed","Fri Mar 06 13:58:22 UTC 2026","","eu.esdihumboldt.util.groovy.json.JsonStreamBuilderTest","eu.esdihumboldt.util.groovy.json.JsonStreamBuilderTest","testRootArrayObjectNested"
"","531","testBothWays","","Fri Mar 06 13:58:01 UTC 2026","passed","Fri Mar 06 13:58:02 UTC 2026","","eu.esdihumboldt.hale.io.xsd.anytype.valuetypes.CustomTypeContentAssociationTypeTest","eu.esdihumboldt.hale.io.xsd.anytype.valuetypes.CustomTypeContentAssociationTypeTest","testBothWays"
"","0","testFormatter[11]","","Fri Mar 06 13:58:13 UTC 2026","passed","Fri Mar 06 13:58:13 UTC 2026","","eu.esdihumboldt.util.geometry.DecimalFormatUtilTest","eu.esdihumboldt.util.geometry.DecimalFormatUtilTest","testFormatter[11]"
"","197","testFilterSame3","","Fri Mar 06 13:56:01 UTC 2026","passed","Fri Mar 06 13:56:01 UTC 2026","","eu.esdihumboldt.hale.common.align.merge.test.impl.DefaultMergeCellMigratorTest","eu.esdihumboldt.hale.common.align.merge.test.impl.DefaultMergeCellMigratorTest","testFilterSame3"
"","3","testJsonBuilderRawJson","","Fri Mar 06 13:58:22 UTC 2026","passed","Fri Mar 06 13:58:22 UTC 2026","","eu.esdihumboldt.util.groovy.json.JsonStreamBuilderTest","eu.esdihumboldt.util.groovy.json.JsonStreamBuilderTest","testJsonBuilderRawJson"
"","2","testEmptyObject","","Fri Mar 06 13:58:22 UTC 2026","passed","Fri Mar 06 13:58:22 UTC 2026","","eu.esdihumboldt.util.groovy.json.JsonStreamBuilderTest","eu.esdihumboldt.util.groovy.json.JsonStreamBuilderTest","testEmptyObject"
"","2","testNestedKey","","Fri Mar 06 13:58:10 UTC 2026","passed","Fri Mar 06 13:58:10 UTC 2026","","eu.esdihumboldt.util.config.ConfigTest","eu.esdihumboldt.util.config.ConfigTest","testNestedKey"
"","0","testCenter","","Fri Mar 06 13:58:17 UTC 2026","passed","Fri Mar 06 13:58:17 UTC 2026","","eu.esdihumboldt.util.geometry.interpolation.grid.GridUtilTest","eu.esdihumboldt.util.geometry.interpolation.grid.GridUtilTest","testCenter"
"","3","testByPoints3","","Fri Mar 06 13:58:17 UTC 2026","passed","Fri Mar 06 13:58:17 UTC 2026","","eu.esdihumboldt.util.geometry.interpolation.grid.GridInterpolationTest","eu.esdihumboldt.util.geometry.interpolation.grid.GridInterpolationTest","testByPoints3"
"","16","testOffsetCircle","","Fri Mar 06 13:58:17 UTC 2026","passed","Fri Mar 06 13:58:17 UTC 2026","","eu.esdihumboldt.util.geometry.interpolation.grid.GridInterpolationTest","eu.esdihumboldt.util.geometry.interpolation.grid.GridInterpolationTest","testOffsetCircle"
"","134","testWriteDocument","","Fri Mar 06 13:58:32 UTC 2026","passed","Fri Mar 06 13:58:32 UTC 2026","","eu.esdihumboldt.util.orient.embedded.LocalDocumentTest","eu.esdihumboldt.util.orient.embedded.LocalDocumentTest","testWriteDocument"
"","32","testSKOSFromRDF4_language_de","","Fri Mar 06 13:57:18 UTC 2026","passed","Fri Mar 06 13:57:18 UTC 2026","","eu.esdihumboldt.hale.io.codelist.skos.test.SkosCodeListTest","eu.esdihumboldt.hale.io.codelist.skos.test.SkosCodeListTest","testSKOSFromRDF4_language_de"
"","0","testLimit","","Fri Mar 06 13:56:25 UTC 2026","passed","Fri Mar 06 13:56:25 UTC 2026","","eu.esdihumboldt.hale.common.core.io.supplier.LookupStreamResourceTest","eu.esdihumboldt.hale.common.core.io.supplier.LookupStreamResourceTest","testLimit"
"","146","testGroovyWarningScript","","Fri Mar 06 13:56:04 UTC 2026","passed","Fri Mar 06 13:56:05 UTC 2026","","eu.esdihumboldt.hale.common.align.merge.test.impl.DefaultMergeCellMigratorTest","eu.esdihumboldt.hale.common.align.merge.test.impl.DefaultMergeCellMigratorTest","testGroovyWarningScript"
"","5","testDefinedTypeReference","","Fri Mar 06 13:56:47 UTC 2026","passed","Fri Mar 06 13:56:47 UTC 2026","","eu.esdihumboldt.hale.common.schema.groovy.SchemaBuilderTest","eu.esdihumboldt.hale.common.schema.groovy.SchemaBuilderTest","testDefinedTypeReference"
"","5","testUnifyCCWWithHoles","","Fri Mar 06 13:58:15 UTC 2026","passed","Fri Mar 06 13:58:15 UTC 2026","","eu.esdihumboldt.util.geometry.WindingOrderTest","eu.esdihumboldt.util.geometry.WindingOrderTest","testUnifyCCWWithHoles"
"","10","testArcString","","Fri Mar 06 13:58:17 UTC 2026","passed","Fri Mar 06 13:58:17 UTC 2026","","eu.esdihumboldt.util.geometry.interpolation.split.SplitInterpolationTest","eu.esdihumboldt.util.geometry.interpolation.split.SplitInterpolationTest","testArcString"
"","7","testMerge2","","Fri Mar 06 13:56:25 UTC 2026","passed","Fri Mar 06 13:56:25 UTC 2026","","eu.esdihumboldt.hale.common.core.report.util.StatsMergeTest","eu.esdihumboldt.hale.common.core.report.util.StatsMergeTest","testMerge2"
"","154","testParentMappingGeometry","","Fri Mar 06 13:56:01 UTC 2026","passed","Fri Mar 06 13:56:02 UTC 2026","","eu.esdihumboldt.hale.common.align.merge.test.impl.DefaultMergeCellMigratorTest","eu.esdihumboldt.hale.common.align.merge.test.impl.DefaultMergeCellMigratorTest","testParentMappingGeometry"
"","4","testStringLookup","","Fri Mar 06 13:56:38 UTC 2026","passed","Fri Mar 06 13:56:38 UTC 2026","","eu.esdihumboldt.hale.common.lookup.internal.LookupTableTypeTest","eu.esdihumboldt.hale.common.lookup.internal.LookupTableTypeTest","testStringLookup"
"","1","testMerge5","","Fri Mar 06 13:56:25 UTC 2026","passed","Fri Mar 06 13:56:25 UTC 2026","","eu.esdihumboldt.hale.common.core.report.util.StatsMergeTest","eu.esdihumboldt.hale.common.core.report.util.StatsMergeTest","testMerge5"
"","716","testComplexLookupJsonGroovy","","Fri Mar 06 13:56:37 UTC 2026","passed","Fri Mar 06 13:56:37 UTC 2026","","eu.esdihumboldt.hale.common.lookup.internal.LookupTableTypeTest","eu.esdihumboldt.hale.common.lookup.internal.LookupTableTypeTest","testComplexLookupJsonGroovy"
"","91","testReuse","","Fri Mar 06 13:56:23 UTC 2026","passed","Fri Mar 06 13:56:23 UTC 2026","","eu.esdihumboldt.hale.common.core.io.PathUpdateTest","eu.esdihumboldt.hale.common.core.io.PathUpdateTest","testReuse"
"","334","testConvert","","Fri Mar 06 13:56:18 UTC 2026","passed","Fri Mar 06 13:56:18 UTC 2026","","eu.esdihumboldt.hale.common.config.ConfigValueTest","eu.esdihumboldt.hale.common.config.ConfigValueTest","testConvert"
"","149","testFilterSame5","","Fri Mar 06 13:56:01 UTC 2026","passed","Fri Mar 06 13:56:01 UTC 2026","","eu.esdihumboldt.hale.common.align.merge.test.impl.DefaultMergeCellMigratorTest","eu.esdihumboldt.hale.common.align.merge.test.impl.DefaultMergeCellMigratorTest","testFilterSame5"
"","1","testInstanceReader","","Fri Mar 06 13:57:46 UTC 2026","skipped","Fri Mar 06 13:57:46 UTC 2026","","eu.esdihumboldt.hale.io.jdbc.mssql.test.MsSQLServer14Test","eu.esdihumboldt.hale.io.jdbc.mssql.test.MsSQLServer14Test","testInstanceReader"
"","6","testRootArrayObjectNestedPrettyPrint","","Fri Mar 06 13:58:22 UTC 2026","passed","Fri Mar 06 13:58:22 UTC 2026","","eu.esdihumboldt.util.groovy.json.JsonStreamBuilderTest","eu.esdihumboldt.util.groovy.json.JsonStreamBuilderTest","testRootArrayObjectNestedPrettyPrint"
"","0","testComplexWrite","","Fri Mar 06 13:58:32 UTC 2026","skipped","Fri Mar 06 13:58:32 UTC 2026","","eu.esdihumboldt.util.orient.embedded.LocalDocumentTest","eu.esdihumboldt.util.orient.embedded.LocalDocumentTest","testComplexWrite"
"","104","testValueMapJson","","Fri Mar 06 13:56:24 UTC 2026","passed","Fri Mar 06 13:56:24 UTC 2026","","eu.esdihumboldt.hale.common.core.io.impl.ValueMapTypeTest","eu.esdihumboldt.hale.common.core.io.impl.ValueMapTypeTest","testValueMapJson"
"","61","test2","","Fri Mar 06 13:56:53 UTC 2026","passed","Fri Mar 06 13:56:54 UTC 2026","","eu.esdihumboldt.hale.common.service.helper.test.PopulationCountTest","eu.esdihumboldt.hale.common.service.helper.test.PopulationCountTest","test2"
"","4","testDefaultPropertyTypes","","Fri Mar 06 13:56:47 UTC 2026","passed","Fri Mar 06 13:56:47 UTC 2026","","eu.esdihumboldt.hale.common.schema.groovy.SchemaBuilderTest","eu.esdihumboldt.hale.common.schema.groovy.SchemaBuilderTest","testDefaultPropertyTypes"
"","202","testValueListValueListJson","","Fri Mar 06 13:56:24 UTC 2026","passed","Fri Mar 06 13:56:24 UTC 2026","","eu.esdihumboldt.hale.common.core.io.impl.ValueListTypeTest","eu.esdihumboldt.hale.common.core.io.impl.ValueListTypeTest","testValueListValueListJson"
"","29","testConflict","","Fri Mar 06 13:58:10 UTC 2026","passed","Fri Mar 06 13:58:10 UTC 2026","","eu.esdihumboldt.util.config.ConfigTest","eu.esdihumboldt.util.config.ConfigTest","testConflict"
"","4","testNestedObjectsPrettyPrint","","Fri Mar 06 13:58:22 UTC 2026","passed","Fri Mar 06 13:58:22 UTC 2026","","eu.esdihumboldt.util.groovy.json.JsonStreamBuilderTest","eu.esdihumboldt.util.groovy.json.JsonStreamBuilderTest","testNestedObjectsPrettyPrint"
"","2","testCCW1","","Fri Mar 06 13:58:17 UTC 2026","passed","Fri Mar 06 13:58:17 UTC 2026","","eu.esdihumboldt.util.geometry.interpolation.model.impl.ArcByCenterPointImplTest","eu.esdihumboldt.util.geometry.interpolation.model.impl.ArcByCenterPointImplTest","testCCW1"
"","1","testSimpleOverride","","Fri Mar 06 13:58:10 UTC 2026","passed","Fri Mar 06 13:58:10 UTC 2026","","eu.esdihumboldt.util.config.ConfigMergerTest","eu.esdihumboldt.util.config.ConfigMergerTest","testSimpleOverride"
"","2","testCW2","","Fri Mar 06 13:58:17 UTC 2026","passed","Fri Mar 06 13:58:17 UTC 2026","","eu.esdihumboldt.util.geometry.interpolation.model.impl.ArcByCenterPointImplTest","eu.esdihumboldt.util.geometry.interpolation.model.impl.ArcByCenterPointImplTest","testCW2"
"","223","testJoinCondition","","Fri Mar 06 13:56:06 UTC 2026","passed","Fri Mar 06 13:56:06 UTC 2026","","eu.esdihumboldt.hale.common.align.merge.test.impl.JoinFocusRetainConditionTest","eu.esdihumboldt.hale.common.align.merge.test.impl.JoinFocusRetainConditionTest","testJoinCondition"
"","185","mergeJoinsWithJoin_abstract1","","Fri Mar 06 13:56:06 UTC 2026","passed","Fri Mar 06 13:56:06 UTC 2026","","eu.esdihumboldt.hale.common.align.merge.test.impl.JoinMergeTest","eu.esdihumboldt.hale.common.align.merge.test.impl.JoinMergeTest","mergeJoinsWithJoin_abstract1"
"","5","testStringLookupJson","","Fri Mar 06 13:56:38 UTC 2026","passed","Fri Mar 06 13:56:38 UTC 2026","","eu.esdihumboldt.hale.common.lookup.internal.LookupTableTypeTest","eu.esdihumboldt.hale.common.lookup.internal.LookupTableTypeTest","testStringLookupJson"
"","0","testInputLookupAndConsume","","Fri Mar 06 13:56:25 UTC 2026","passed","Fri Mar 06 13:56:25 UTC 2026","","eu.esdihumboldt.hale.common.core.io.supplier.LookupStreamResourceTest","eu.esdihumboldt.hale.common.core.io.supplier.LookupStreamResourceTest","testInputLookupAndConsume"
"","139","testFilterSame4","","Fri Mar 06 13:56:01 UTC 2026","passed","Fri Mar 06 13:56:01 UTC 2026","","eu.esdihumboldt.hale.common.align.merge.test.impl.DefaultMergeCellMigratorTest","eu.esdihumboldt.hale.common.align.merge.test.impl.DefaultMergeCellMigratorTest","testFilterSame4"
"","17","testNestedObjects","","Fri Mar 06 13:58:22 UTC 2026","passed","Fri Mar 06 13:58:22 UTC 2026","","eu.esdihumboldt.util.groovy.json.JsonStreamBuilderTest","eu.esdihumboldt.util.groovy.json.JsonStreamBuilderTest","testNestedObjects"
"","10","testNestedDefaultProperties","","Fri Mar 06 13:56:47 UTC 2026","passed","Fri Mar 06 13:56:47 UTC 2026","","eu.esdihumboldt.hale.common.schema.groovy.SchemaBuilderTest","eu.esdihumboldt.hale.common.schema.groovy.SchemaBuilderTest","testNestedDefaultProperties"
"","168","testFilterSame1","","Fri Mar 06 13:56:01 UTC 2026","passed","Fri Mar 06 13:56:01 UTC 2026","","eu.esdihumboldt.hale.common.align.merge.test.impl.DefaultMergeCellMigratorTest","eu.esdihumboldt.hale.common.align.merge.test.impl.DefaultMergeCellMigratorTest","testFilterSame1"
"","482","testInspireReferenceAppInfo","","Fri Mar 06 13:58:03 UTC 2026","passed","Fri Mar 06 13:58:03 UTC 2026","","eu.esdihumboldt.hale.io.xsd.reader.XmlSchemaReaderMoreTest","eu.esdihumboldt.hale.io.xsd.reader.XmlSchemaReaderMoreTest","testInspireReferenceAppInfo"
"","2","testCCW","","Fri Mar 06 13:58:17 UTC 2026","passed","Fri Mar 06 13:58:17 UTC 2026","","eu.esdihumboldt.util.geometry.interpolation.model.impl.ArcByPointsImplTest","eu.esdihumboldt.util.geometry.interpolation.model.impl.ArcByPointsImplTest","testCCW"
"","3","testNamespaceIndexChildContext","","Fri Mar 06 13:55:51 UTC 2026","passed","Fri Mar 06 13:55:51 UTC 2026","","eu.esdihumboldt.hale.common.align.groovy.accessor.EntityAccessorTest","eu.esdihumboldt.hale.common.align.groovy.accessor.EntityAccessorTest","testNamespaceIndexChildContext"
"","77","testSqlQuery","","Fri Mar 06 13:58:32 UTC 2026","passed","Fri Mar 06 13:58:32 UTC 2026","","eu.esdihumboldt.util.orient.embedded.MemoryDocumentTest","eu.esdihumboldt.util.orient.embedded.MemoryDocumentTest","testSqlQuery"
"","295","basicClassesAllowed","","Fri Mar 06 13:58:27 UTC 2026","passed","Fri Mar 06 13:58:27 UTC 2026","","eu.esdihumboldt.util.groovy.sandbox.test.internal.GroovySandboxTest","eu.esdihumboldt.util.groovy.sandbox.test.internal.GroovySandboxTest","basicClassesAllowed"
"","6","testDoubleObject","","Fri Mar 06 13:58:22 UTC 2026","passed","Fri Mar 06 13:58:22 UTC 2026","","eu.esdihumboldt.util.groovy.json.JsonStreamBuilderTest","eu.esdihumboldt.util.groovy.json.JsonStreamBuilderTest","testDoubleObject"
"","2","testValueListValueListJsonGroovy","","Fri Mar 06 13:56:24 UTC 2026","passed","Fri Mar 06 13:56:24 UTC 2026","","eu.esdihumboldt.hale.common.core.io.impl.ValueListTypeTest","eu.esdihumboldt.hale.common.core.io.impl.ValueListTypeTest","testValueListValueListJsonGroovy"
"","1","testLookupAndConsume","","Fri Mar 06 13:56:25 UTC 2026","passed","Fri Mar 06 13:56:25 UTC 2026","","eu.esdihumboldt.hale.common.core.io.supplier.LookupStreamResourceTest","eu.esdihumboldt.hale.common.core.io.supplier.LookupStreamResourceTest","testLookupAndConsume"
"","1","testQ2","","Fri Mar 06 13:58:17 UTC 2026","passed","Fri Mar 06 13:58:17 UTC 2026","","eu.esdihumboldt.util.geometry.interpolation.grid.GridUtilTest","eu.esdihumboldt.util.geometry.interpolation.grid.GridUtilTest","testQ2"
"","199","mergeRenameFormattedString","","Fri Mar 06 13:57:12 UTC 2026","passed","Fri Mar 06 13:57:13 UTC 2026","","eu.esdihumboldt.hale.adv.merge.test.AdVMeasurementMergeTest","eu.esdihumboldt.hale.adv.merge.test.AdVMeasurementMergeTest","mergeRenameFormattedString"
"","3","testByPoints2","","Fri Mar 06 13:58:17 UTC 2026","passed","Fri Mar 06 13:58:17 UTC 2026","","eu.esdihumboldt.util.geometry.interpolation.split.SplitInterpolationTest","eu.esdihumboldt.util.geometry.interpolation.split.SplitInterpolationTest","testByPoints2"
"","2","testStraight","","Fri Mar 06 13:58:17 UTC 2026","passed","Fri Mar 06 13:58:17 UTC 2026","","eu.esdihumboldt.util.geometry.interpolation.model.impl.ArcByPointsImplTest","eu.esdihumboldt.util.geometry.interpolation.model.impl.ArcByPointsImplTest","testStraight"
"","0","testHttpAbsoluteOtherHttp","","Fri Mar 06 13:58:02 UTC 2026","passed","Fri Mar 06 13:58:02 UTC 2026","","eu.esdihumboldt.hale.io.xsd.reader.HumboldtURIResolverTest","eu.esdihumboldt.hale.io.xsd.reader.HumboldtURIResolverTest","testHttpAbsoluteOtherHttp"
"","3","testJsonBuilderConstructor","","Fri Mar 06 13:58:22 UTC 2026","passed","Fri Mar 06 13:58:22 UTC 2026","","eu.esdihumboldt.util.groovy.json.JsonStreamBuilderTest","eu.esdihumboldt.util.groovy.json.JsonStreamBuilderTest","testJsonBuilderConstructor"
"","12","testJsonBuilderTypeSafe","","Fri Mar 06 13:58:22 UTC 2026","passed","Fri Mar 06 13:58:22 UTC 2026","","eu.esdihumboldt.util.groovy.json.JsonStreamBuilderTest","eu.esdihumboldt.util.groovy.json.JsonStreamBuilderTest","testJsonBuilderTypeSafe"
"","48","testBuilder","","Fri Mar 06 13:58:18 UTC 2026","passed","Fri Mar 06 13:58:18 UTC 2026","","eu.esdihumboldt.util.geometry.quadtree.QuadtreeTest","eu.esdihumboldt.util.geometry.quadtree.QuadtreeTest","testBuilder"
"","0","testMerge6","","Fri Mar 06 13:56:25 UTC 2026","passed","Fri Mar 06 13:56:25 UTC 2026","","eu.esdihumboldt.hale.common.core.report.util.StatsMergeTest","eu.esdihumboldt.hale.common.core.report.util.StatsMergeTest","testMerge6"
"","4","testNestedListMap2","","Fri Mar 06 13:58:22 UTC 2026","passed","Fri Mar 06 13:58:22 UTC 2026","","eu.esdihumboldt.util.groovy.json.JsonStreamBuilderTest","eu.esdihumboldt.util.groovy.json.JsonStreamBuilderTest","testNestedListMap2"
"","0","testQ1","","Fri Mar 06 13:58:17 UTC 2026","passed","Fri Mar 06 13:58:17 UTC 2026","","eu.esdihumboldt.util.geometry.interpolation.grid.GridUtilTest","eu.esdihumboldt.util.geometry.interpolation.grid.GridUtilTest","testQ1"
"","200","testTypeFilter2","","Fri Mar 06 13:56:02 UTC 2026","passed","Fri Mar 06 13:56:02 UTC 2026","","eu.esdihumboldt.hale.common.align.merge.test.impl.DefaultMergeCellMigratorTest","eu.esdihumboldt.hale.common.align.merge.test.impl.DefaultMergeCellMigratorTest","testTypeFilter2"
"","106","testMethodCallWithNamedArguments","","Fri Mar 06 13:58:22 UTC 2026","passed","Fri Mar 06 13:58:22 UTC 2026","","eu.esdihumboldt.util.groovy.json.JsonStreamBuilderTest","eu.esdihumboldt.util.groovy.json.JsonStreamBuilderTest","testMethodCallWithNamedArguments"
"","4","testConsumeMap","","Fri Mar 06 13:57:05 UTC 2026","passed","Fri Mar 06 13:57:05 UTC 2026","","eu.esdihumboldt.cst.functions.groovy.helpers.util.CollectorTest","eu.esdihumboldt.cst.functions.groovy.helpers.util.CollectorTest","testConsumeMap"
"","4","testNested","","Fri Mar 06 13:57:05 UTC 2026","passed","Fri Mar 06 13:57:05 UTC 2026","","eu.esdihumboldt.cst.functions.groovy.helpers.util.CollectorTest","eu.esdihumboldt.cst.functions.groovy.helpers.util.CollectorTest","testNested"
"","32","testValueMap","","Fri Mar 06 13:56:24 UTC 2026","passed","Fri Mar 06 13:56:24 UTC 2026","","eu.esdihumboldt.hale.common.core.io.impl.ValueMapTypeTest","eu.esdihumboldt.hale.common.core.io.impl.ValueMapTypeTest","testValueMap"
"","21","testJsonBuilderSameNameFail","","Fri Mar 06 13:58:22 UTC 2026","passed","Fri Mar 06 13:58:22 UTC 2026","","eu.esdihumboldt.util.groovy.json.JsonStreamBuilderTest","eu.esdihumboldt.util.groovy.json.JsonStreamBuilderTest","testJsonBuilderSameNameFail"
"","21","testOverrideBindung","","Fri Mar 06 13:57:33 UTC 2026","passed","Fri Mar 06 13:57:33 UTC 2026","","eu.esdihumboldt.hale.io.groovy.snippets.GroovySnippetsTest","eu.esdihumboldt.hale.io.groovy.snippets.GroovySnippetsTest","testOverrideBindung"
"","11","testSKOSFromRDF4_language_en","","Fri Mar 06 13:57:18 UTC 2026","passed","Fri Mar 06 13:57:18 UTC 2026","","eu.esdihumboldt.hale.io.codelist.skos.test.SkosCodeListTest","eu.esdihumboldt.hale.io.codelist.skos.test.SkosCodeListTest","testSKOSFromRDF4_language_en"
"","2","testTrueFalse","","Fri Mar 06 13:56:47 UTC 2026","passed","Fri Mar 06 13:56:47 UTC 2026","","eu.esdihumboldt.hale.common.schema.groovy.constraints.AugmentedValueFactoryTest","eu.esdihumboldt.hale.common.schema.groovy.constraints.AugmentedValueFactoryTest","testTrueFalse"
"","1","testUnifyWOHoles","","Fri Mar 06 13:58:15 UTC 2026","passed","Fri Mar 06 13:58:15 UTC 2026","","eu.esdihumboldt.util.geometry.WindingOrderTest","eu.esdihumboldt.util.geometry.WindingOrderTest","testUnifyWOHoles"
"","0","testSubfolder3","","Fri Mar 06 13:56:23 UTC 2026","passed","Fri Mar 06 13:56:23 UTC 2026","","eu.esdihumboldt.hale.common.core.io.PathUpdateTest","eu.esdihumboldt.hale.common.core.io.PathUpdateTest","testSubfolder3"
"","185","testBadEnvelope","","Fri Mar 06 13:58:18 UTC 2026","passed","Fri Mar 06 13:58:18 UTC 2026","","eu.esdihumboldt.util.geometry.quadtree.QuadtreeTest","eu.esdihumboldt.util.geometry.quadtree.QuadtreeTest","testBadEnvelope"
"","2","testTrueFalse","","Fri Mar 06 13:56:47 UTC 2026","passed","Fri Mar 06 13:56:47 UTC 2026","","eu.esdihumboldt.hale.common.schema.groovy.constraints.ChoiceFactoryTest","eu.esdihumboldt.hale.common.schema.groovy.constraints.ChoiceFactoryTest","testTrueFalse"
"","4","testMixedKeys","","Fri Mar 06 13:57:05 UTC 2026","passed","Fri Mar 06 13:57:05 UTC 2026","","eu.esdihumboldt.cst.functions.groovy.helpers.util.CollectorTest","eu.esdihumboldt.cst.functions.groovy.helpers.util.CollectorTest","testMixedKeys"
"","10","testSKOSFromRDF5_language_nl","","Fri Mar 06 13:57:18 UTC 2026","passed","Fri Mar 06 13:57:18 UTC 2026","","eu.esdihumboldt.hale.io.codelist.skos.test.SkosCodeListTest","eu.esdihumboldt.hale.io.codelist.skos.test.SkosCodeListTest","testSKOSFromRDF5_language_nl"
"","6","testNestedListMap","","Fri Mar 06 13:58:22 UTC 2026","passed","Fri Mar 06 13:58:22 UTC 2026","","eu.esdihumboldt.util.groovy.json.JsonStreamBuilderTest","eu.esdihumboldt.util.groovy.json.JsonStreamBuilderTest","testNestedListMap"
"","11","testSimpleSchemaNames","","Fri Mar 06 13:56:47 UTC 2026","passed","Fri Mar 06 13:56:47 UTC 2026","","eu.esdihumboldt.hale.common.schema.groovy.SchemaBuilderTest","eu.esdihumboldt.hale.common.schema.groovy.SchemaBuilderTest","testSimpleSchemaNames"
"","31","testRead_shiporder_divided","","Fri Mar 06 13:58:04 UTC 2026","passed","Fri Mar 06 13:58:04 UTC 2026","","eu.esdihumboldt.hale.io.xsd.reader.XmlSchemaReaderTest","eu.esdihumboldt.hale.io.xsd.reader.XmlSchemaReaderTest","testRead_shiporder_divided"
"","3","testSerializeCompact","","Fri Mar 06 13:58:22 UTC 2026","passed","Fri Mar 06 13:58:22 UTC 2026","","eu.esdihumboldt.util.groovy.collector.StatsCollectorTest","eu.esdihumboldt.util.groovy.collector.StatsCollectorTest","testSerializeCompact"
"","2","testFixed","","Fri Mar 06 13:56:47 UTC 2026","passed","Fri Mar 06 13:56:47 UTC 2026","","eu.esdihumboldt.hale.common.schema.groovy.constraints.CardinalityFactoryTest","eu.esdihumboldt.hale.common.schema.groovy.constraints.CardinalityFactoryTest","testFixed"
"","41","testConsumeList","","Fri Mar 06 13:57:05 UTC 2026","passed","Fri Mar 06 13:57:05 UTC 2026","","eu.esdihumboldt.cst.functions.groovy.helpers.util.CollectorTest","eu.esdihumboldt.cst.functions.groovy.helpers.util.CollectorTest","testConsumeList"
"","0","testHasNext","","Fri Mar 06 13:58:31 UTC 2026","skipped","Fri Mar 06 13:58:31 UTC 2026","","eu.esdihumboldt.util.orient.embedded.BrowseClassIterateTest","eu.esdihumboldt.util.orient.embedded.BrowseClassIterateTest","testHasNext"
"","1","testFormatter[1]","","Fri Mar 06 13:58:13 UTC 2026","passed","Fri Mar 06 13:58:13 UTC 2026","","eu.esdihumboldt.util.geometry.DecimalFormatUtilTest","eu.esdihumboldt.util.geometry.DecimalFormatUtilTest","testFormatter[1]"
"","50","groovyStuffDisallowed","","Fri Mar 06 13:58:27 UTC 2026","passed","Fri Mar 06 13:58:27 UTC 2026","","eu.esdihumboldt.util.groovy.sandbox.test.internal.GroovySandboxTest","eu.esdihumboldt.util.groovy.sandbox.test.internal.GroovySandboxTest","groovyStuffDisallowed"
"","25","testOffsetCircle","","Fri Mar 06 13:58:17 UTC 2026","passed","Fri Mar 06 13:58:17 UTC 2026","","eu.esdihumboldt.util.geometry.interpolation.split.SplitInterpolationTest","eu.esdihumboldt.util.geometry.interpolation.split.SplitInterpolationTest","testOffsetCircle"
"","1","testMethodCallWithNamedArgumentsTypeSafe","","Fri Mar 06 13:58:22 UTC 2026","passed","Fri Mar 06 13:58:22 UTC 2026","","eu.esdihumboldt.util.groovy.json.JsonStreamBuilderTest","eu.esdihumboldt.util.groovy.json.JsonStreamBuilderTest","testMethodCallWithNamedArgumentsTypeSafe"
"","8","testValuePropertiesJson","","Fri Mar 06 13:56:24 UTC 2026","passed","Fri Mar 06 13:56:24 UTC 2026","","eu.esdihumboldt.hale.common.core.io.impl.ValuePropertiesTypeTest","eu.esdihumboldt.hale.common.core.io.impl.ValuePropertiesTypeTest","testValuePropertiesJson"
"","1","testFormatter[2]","","Fri Mar 06 13:58:13 UTC 2026","passed","Fri Mar 06 13:58:13 UTC 2026","","eu.esdihumboldt.util.geometry.DecimalFormatUtilTest","eu.esdihumboldt.util.geometry.DecimalFormatUtilTest","testFormatter[2]"
"","199","testTypeFilter1","","Fri Mar 06 13:56:02 UTC 2026","passed","Fri Mar 06 13:56:02 UTC 2026","","eu.esdihumboldt.hale.common.align.merge.test.impl.DefaultMergeCellMigratorTest","eu.esdihumboldt.hale.common.align.merge.test.impl.DefaultMergeCellMigratorTest","testTypeFilter1"
"","2","testCreateType","","Fri Mar 06 13:56:47 UTC 2026","passed","Fri Mar 06 13:56:47 UTC 2026","","eu.esdihumboldt.hale.common.schema.groovy.SchemaBuilderTest","eu.esdihumboldt.hale.common.schema.groovy.SchemaBuilderTest","testCreateType"
